[{"model": "sites.site", "pk": 1, "fields": {"domain": "example.com", "name": "example.com"}}, {"model": "auth.permission", "pk": 1, "fields": {"name": "Can add content type", "content_type": 1, "codename": "add_contenttype"}}, {"model": "auth.permission", "pk": 2, "fields": {"name": "Can change content type", "content_type": 1, "codename": "change_contenttype"}}, {"model": "auth.permission", "pk": 3, "fields": {"name": "Can delete content type", "content_type": 1, "codename": "delete_contenttype"}}, {"model": "auth.permission", "pk": 4, "fields": {"name": "Can view content type", "content_type": 1, "codename": "view_contenttype"}}, {"model": "auth.permission", "pk": 5, "fields": {"name": "can make sales", "content_type": 2, "codename": "make_sale"}}, {"model": "auth.permission", "pk": 6, "fields": {"name": "view sales reports", "content_type": 3, "codename": "view_sale_reports"}}, {"model": "auth.permission", "pk": 7, "fields": {"name": "view products reports", "content_type": 3, "codename": "view_products_reports"}}, {"model": "auth.permission", "pk": 8, "fields": {"name": "view purchase reports", "content_type": 3, "codename": "view_purchase_reports"}}, {"model": "auth.permission", "pk": 9, "fields": {"name": "view balancesheet", "content_type": 3, "codename": "view_balancesheet"}}, {"model": "auth.permission", "pk": 10, "fields": {"name": "Can add session", "content_type": 4, "codename": "add_session"}}, {"model": "auth.permission", "pk": 11, "fields": {"name": "Can change session", "content_type": 4, "codename": "change_session"}}, {"model": "auth.permission", "pk": 12, "fields": {"name": "Can delete session", "content_type": 4, "codename": "delete_session"}}, {"model": "auth.permission", "pk": 15, "fields": {"name": "Can view session", "content_type": 4, "codename": "view_session"}}, {"model": "auth.permission", "pk": 16, "fields": {"name": "Can add site", "content_type": 5, "codename": "add_site"}}, {"model": "auth.permission", "pk": 17, "fields": {"name": "Can change site", "content_type": 5, "codename": "change_site"}}, {"model": "auth.permission", "pk": 18, "fields": {"name": "Can delete site", "content_type": 5, "codename": "delete_site"}}, {"model": "auth.permission", "pk": 21, "fields": {"name": "Can view site", "content_type": 5, "codename": "view_site"}}, {"model": "auth.permission", "pk": 22, "fields": {"name": "Can add group", "content_type": 6, "codename": "add_group"}}, {"model": "auth.permission", "pk": 23, "fields": {"name": "Can change group", "content_type": 6, "codename": "change_group"}}, {"model": "auth.permission", "pk": 24, "fields": {"name": "Can delete group", "content_type": 6, "codename": "delete_group"}}, {"model": "auth.permission", "pk": 25, "fields": {"name": "Can add permission", "content_type": 7, "codename": "add_permission"}}, {"model": "auth.permission", "pk": 26, "fields": {"name": "Can change permission", "content_type": 7, "codename": "change_permission"}}, {"model": "auth.permission", "pk": 27, "fields": {"name": "Can delete permission", "content_type": 7, "codename": "delete_permission"}}, {"model": "auth.permission", "pk": 30, "fields": {"name": "Can view group", "content_type": 6, "codename": "view_group"}}, {"model": "auth.permission", "pk": 31, "fields": {"name": "Can view permission", "content_type": 7, "codename": "view_permission"}}, {"model": "auth.permission", "pk": 32, "fields": {"name": "Can add expenses", "content_type": 10, "codename": "add_expenses"}}, {"model": "auth.permission", "pk": 33, "fields": {"name": "Can change expenses", "content_type": 10, "codename": "change_expenses"}}, {"model": "auth.permission", "pk": 34, "fields": {"name": "Can delete expenses", "content_type": 10, "codename": "delete_expenses"}}, {"model": "auth.permission", "pk": 35, "fields": {"name": "Can add expense type", "content_type": 8, "codename": "add_expensetype"}}, {"model": "auth.permission", "pk": 36, "fields": {"name": "Can change expense type", "content_type": 8, "codename": "change_expensetype"}}, {"model": "auth.permission", "pk": 37, "fields": {"name": "Can delete expense type", "content_type": 8, "codename": "delete_expensetype"}}, {"model": "auth.permission", "pk": 38, "fields": {"name": "Can add petty cash", "content_type": 9, "codename": "add_pettycash"}}, {"model": "auth.permission", "pk": 39, "fields": {"name": "Can change petty cash", "content_type": 9, "codename": "change_pettycash"}}, {"model": "auth.permission", "pk": 40, "fields": {"name": "Can delete petty cash", "content_type": 9, "codename": "delete_pettycash"}}, {"model": "auth.permission", "pk": 43, "fields": {"name": "Can view expense type", "content_type": 8, "codename": "view_expensetype"}}, {"model": "auth.permission", "pk": 44, "fields": {"name": "Can view petty cash", "content_type": 9, "codename": "view_pettycash"}}, {"model": "auth.permission", "pk": 45, "fields": {"name": "Can view expenses", "content_type": 10, "codename": "view_expenses"}}, {"model": "auth.permission", "pk": 49, "fields": {"name": "Can add attendance", "content_type": 12, "codename": "add_attendance"}}, {"model": "auth.permission", "pk": 50, "fields": {"name": "Can change attendance", "content_type": 12, "codename": "change_attendance"}}, {"model": "auth.permission", "pk": 51, "fields": {"name": "Can delete attendance", "content_type": 12, "codename": "delete_attendance"}}, {"model": "auth.permission", "pk": 52, "fields": {"name": "Can add staff", "content_type": 15, "codename": "add_staff"}}, {"model": "auth.permission", "pk": 53, "fields": {"name": "Can change staff", "content_type": 15, "codename": "change_staff"}}, {"model": "auth.permission", "pk": 54, "fields": {"name": "Can delete staff", "content_type": 15, "codename": "delete_staff"}}, {"model": "auth.permission", "pk": 55, "fields": {"name": "Can add user", "content_type": 13, "codename": "add_user"}}, {"model": "auth.permission", "pk": 56, "fields": {"name": "Can change user", "content_type": 13, "codename": "change_user"}}, {"model": "auth.permission", "pk": 57, "fields": {"name": "Can delete user", "content_type": 13, "codename": "delete_user"}}, {"model": "auth.permission", "pk": 58, "fields": {"name": "Can add address", "content_type": 14, "codename": "add_address"}}, {"model": "auth.permission", "pk": 59, "fields": {"name": "Can change address", "content_type": 14, "codename": "change_address"}}, {"model": "auth.permission", "pk": 60, "fields": {"name": "Can delete address", "content_type": 14, "codename": "delete_address"}}, {"model": "auth.permission", "pk": 63, "fields": {"name": "Can view user trail", "content_type": 11, "codename": "view_usertrail"}}, {"model": "auth.permission", "pk": 64, "fields": {"name": "Can view attendance", "content_type": 12, "codename": "view_attendance"}}, {"model": "auth.permission", "pk": 65, "fields": {"name": "Can view user", "content_type": 13, "codename": "view_user"}}, {"model": "auth.permission", "pk": 66, "fields": {"name": "Can view address", "content_type": 14, "codename": "view_address"}}, {"model": "auth.permission", "pk": 67, "fields": {"name": "Can view staff", "content_type": 15, "codename": "view_staff"}}, {"model": "auth.permission", "pk": 68, "fields": {"name": "Can add sale", "content_type": 16, "codename": "add_sale"}}, {"model": "auth.permission", "pk": 69, "fields": {"name": "Can change sale", "content_type": 16, "codename": "change_sale"}}, {"model": "auth.permission", "pk": 70, "fields": {"name": "Can delete sale", "content_type": 16, "codename": "delete_sale"}}, {"model": "auth.permission", "pk": 71, "fields": {"name": "Can add voucher", "content_type": 17, "codename": "add_voucher"}}, {"model": "auth.permission", "pk": 72, "fields": {"name": "Can change voucher", "content_type": 17, "codename": "change_voucher"}}, {"model": "auth.permission", "pk": 73, "fields": {"name": "Can delete voucher", "content_type": 17, "codename": "delete_voucher"}}, {"model": "auth.permission", "pk": 76, "fields": {"name": "Can view sale", "content_type": 16, "codename": "view_sale"}}, {"model": "auth.permission", "pk": 77, "fields": {"name": "Can view voucher", "content_type": 17, "codename": "view_voucher"}}, {"model": "auth.permission", "pk": 78, "fields": {"name": "Can add product", "content_type": 19, "codename": "add_product"}}, {"model": "auth.permission", "pk": 79, "fields": {"name": "Can change product", "content_type": 19, "codename": "change_product"}}, {"model": "auth.permission", "pk": 80, "fields": {"name": "Can delete product", "content_type": 19, "codename": "delete_product"}}, {"model": "auth.permission", "pk": 81, "fields": {"name": "Can add product variant", "content_type": 24, "codename": "add_productvariant"}}, {"model": "auth.permission", "pk": 82, "fields": {"name": "Can change product variant", "content_type": 24, "codename": "change_productvariant"}}, {"model": "auth.permission", "pk": 83, "fields": {"name": "Can delete product variant", "content_type": 24, "codename": "delete_productvariant"}}, {"model": "auth.permission", "pk": 84, "fields": {"name": "Can add product image", "content_type": 25, "codename": "add_productimage"}}, {"model": "auth.permission", "pk": 85, "fields": {"name": "Can change product image", "content_type": 25, "codename": "change_productimage"}}, {"model": "auth.permission", "pk": 86, "fields": {"name": "Can delete product image", "content_type": 25, "codename": "delete_productimage"}}, {"model": "auth.permission", "pk": 87, "fields": {"name": "Can add product attribute", "content_type": 26, "codename": "add_productattribute"}}, {"model": "auth.permission", "pk": 88, "fields": {"name": "Can change product attribute", "content_type": 26, "codename": "change_productattribute"}}, {"model": "auth.permission", "pk": 89, "fields": {"name": "Can delete product attribute", "content_type": 26, "codename": "delete_productattribute"}}, {"model": "auth.permission", "pk": 90, "fields": {"name": "Can add stock", "content_type": 29, "codename": "add_stock"}}, {"model": "auth.permission", "pk": 91, "fields": {"name": "Can change stock", "content_type": 29, "codename": "change_stock"}}, {"model": "auth.permission", "pk": 92, "fields": {"name": "Can delete stock", "content_type": 29, "codename": "delete_stock"}}, {"model": "auth.permission", "pk": 93, "fields": {"name": "Can add Stock history entry", "content_type": 22, "codename": "add_stockhistoryentry"}}, {"model": "auth.permission", "pk": 94, "fields": {"name": "Can change Stock history entry", "content_type": 22, "codename": "change_stockhistoryentry"}}, {"model": "auth.permission", "pk": 95, "fields": {"name": "Can delete Stock history entry", "content_type": 22, "codename": "delete_stockhistoryentry"}}, {"model": "auth.permission", "pk": 96, "fields": {"name": "Can add stock location", "content_type": 21, "codename": "add_stocklocation"}}, {"model": "auth.permission", "pk": 97, "fields": {"name": "Can change stock location", "content_type": 21, "codename": "change_stocklocation"}}, {"model": "auth.permission", "pk": 98, "fields": {"name": "Can delete stock location", "content_type": 21, "codename": "delete_stocklocation"}}, {"model": "auth.permission", "pk": 99, "fields": {"name": "Can add category", "content_type": 18, "codename": "add_category"}}, {"model": "auth.permission", "pk": 100, "fields": {"name": "Can change category", "content_type": 18, "codename": "change_category"}}, {"model": "auth.permission", "pk": 101, "fields": {"name": "Can delete category", "content_type": 18, "codename": "delete_category"}}, {"model": "auth.permission", "pk": 102, "fields": {"name": "Can add attribute choices value", "content_type": 27, "codename": "add_attributechoicevalue"}}, {"model": "auth.permission", "pk": 103, "fields": {"name": "Can change attribute choices value", "content_type": 27, "codename": "change_attributechoicevalue"}}, {"model": "auth.permission", "pk": 104, "fields": {"name": "Can delete attribute choices value", "content_type": 27, "codename": "delete_attributechoicevalue"}}, {"model": "auth.permission", "pk": 105, "fields": {"name": "Can add product class", "content_type": 20, "codename": "add_productclass"}}, {"model": "auth.permission", "pk": 106, "fields": {"name": "Can change product class", "content_type": 20, "codename": "change_productclass"}}, {"model": "auth.permission", "pk": 107, "fields": {"name": "Can delete product class", "content_type": 20, "codename": "delete_productclass"}}, {"model": "auth.permission", "pk": 108, "fields": {"name": "Can add variant image", "content_type": 28, "codename": "add_variantimage"}}, {"model": "auth.permission", "pk": 109, "fields": {"name": "Can change variant image", "content_type": 28, "codename": "change_variantimage"}}, {"model": "auth.permission", "pk": 110, "fields": {"name": "Can delete variant image", "content_type": 28, "codename": "delete_variantimage"}}, {"model": "auth.permission", "pk": 111, "fields": {"name": "Can add product tax", "content_type": 23, "codename": "add_producttax"}}, {"model": "auth.permission", "pk": 112, "fields": {"name": "Can change product tax", "content_type": 23, "codename": "change_producttax"}}, {"model": "auth.permission", "pk": 113, "fields": {"name": "Can delete product tax", "content_type": 23, "codename": "delete_producttax"}}, {"model": "auth.permission", "pk": 116, "fields": {"name": "Can view category", "content_type": 18, "codename": "view_category"}}, {"model": "auth.permission", "pk": 117, "fields": {"name": "Can view product", "content_type": 19, "codename": "view_product"}}, {"model": "auth.permission", "pk": 118, "fields": {"name": "Can view product class", "content_type": 20, "codename": "view_productclass"}}, {"model": "auth.permission", "pk": 119, "fields": {"name": "Can view stock location", "content_type": 21, "codename": "view_stocklocation"}}, {"model": "auth.permission", "pk": 120, "fields": {"name": "Can view Stock history entry", "content_type": 22, "codename": "view_stockhistoryentry"}}, {"model": "auth.permission", "pk": 121, "fields": {"name": "Can view product tax", "content_type": 23, "codename": "view_producttax"}}, {"model": "auth.permission", "pk": 122, "fields": {"name": "Can view product variant", "content_type": 24, "codename": "view_productvariant"}}, {"model": "auth.permission", "pk": 123, "fields": {"name": "Can view product image", "content_type": 25, "codename": "view_productimage"}}, {"model": "auth.permission", "pk": 124, "fields": {"name": "Can view product attribute", "content_type": 26, "codename": "view_productattribute"}}, {"model": "auth.permission", "pk": 125, "fields": {"name": "Can view attribute choices value", "content_type": 27, "codename": "view_attributechoicevalue"}}, {"model": "auth.permission", "pk": 126, "fields": {"name": "Can view variant image", "content_type": 28, "codename": "view_variantimage"}}, {"model": "auth.permission", "pk": 127, "fields": {"name": "Can view stock", "content_type": 29, "codename": "view_stock"}}, {"model": "auth.permission", "pk": 128, "fields": {"name": "Can add Cart", "content_type": 31, "codename": "add_cart"}}, {"model": "auth.permission", "pk": 129, "fields": {"name": "Can change Cart", "content_type": 31, "codename": "change_cart"}}, {"model": "auth.permission", "pk": 130, "fields": {"name": "Can delete Cart", "content_type": 31, "codename": "delete_cart"}}, {"model": "auth.permission", "pk": 131, "fields": {"name": "Can add Cart line", "content_type": 30, "codename": "add_cartline"}}, {"model": "auth.permission", "pk": 132, "fields": {"name": "Can change Cart line", "content_type": 30, "codename": "change_cartline"}}, {"model": "auth.permission", "pk": 133, "fields": {"name": "Can delete Cart line", "content_type": 30, "codename": "delete_cartline"}}, {"model": "auth.permission", "pk": 136, "fields": {"name": "Can view Cart line", "content_type": 30, "codename": "view_cartline"}}, {"model": "auth.permission", "pk": 137, "fields": {"name": "Can view Cart", "content_type": 31, "codename": "view_cart"}}, {"model": "auth.permission", "pk": 138, "fields": {"name": "Can add Payment", "content_type": 37, "codename": "add_payment"}}, {"model": "auth.permission", "pk": 139, "fields": {"name": "Can change Payment", "content_type": 37, "codename": "change_payment"}}, {"model": "auth.permission", "pk": 140, "fields": {"name": "Can delete Payment", "content_type": 37, "codename": "delete_payment"}}, {"model": "auth.permission", "pk": 141, "fields": {"name": "Can add Order note", "content_type": 32, "codename": "add_ordernote"}}, {"model": "auth.permission", "pk": 142, "fields": {"name": "Can change Order note", "content_type": 32, "codename": "change_ordernote"}}, {"model": "auth.permission", "pk": 143, "fields": {"name": "Can delete Order note", "content_type": 32, "codename": "delete_ordernote"}}, {"model": "auth.permission", "pk": 144, "fields": {"name": "Can add Delivery Group", "content_type": 35, "codename": "add_deliverygroup"}}, {"model": "auth.permission", "pk": 145, "fields": {"name": "Can change Delivery Group", "content_type": 35, "codename": "change_deliverygroup"}}, {"model": "auth.permission", "pk": 146, "fields": {"name": "Can delete Delivery Group", "content_type": 35, "codename": "delete_deliverygroup"}}, {"model": "auth.permission", "pk": 147, "fields": {"name": "Can add Order history entry", "content_type": 33, "codename": "add_orderhistoryentry"}}, {"model": "auth.permission", "pk": 148, "fields": {"name": "Can change Order history entry", "content_type": 33, "codename": "change_orderhistoryentry"}}, {"model": "auth.permission", "pk": 149, "fields": {"name": "Can delete Order history entry", "content_type": 33, "codename": "delete_orderhistoryentry"}}, {"model": "auth.permission", "pk": 150, "fields": {"name": "Can add Ordered item", "content_type": 34, "codename": "add_ordereditem"}}, {"model": "auth.permission", "pk": 151, "fields": {"name": "Can change Ordered item", "content_type": 34, "codename": "change_ordereditem"}}, {"model": "auth.permission", "pk": 152, "fields": {"name": "Can delete Ordered item", "content_type": 34, "codename": "delete_ordereditem"}}, {"model": "auth.permission", "pk": 153, "fields": {"name": "Can add Order", "content_type": 36, "codename": "add_order"}}, {"model": "auth.permission", "pk": 154, "fields": {"name": "Can change Order", "content_type": 36, "codename": "change_order"}}, {"model": "auth.permission", "pk": 155, "fields": {"name": "Can delete Order", "content_type": 36, "codename": "delete_order"}}, {"model": "auth.permission", "pk": 158, "fields": {"name": "Can view Order note", "content_type": 32, "codename": "view_ordernote"}}, {"model": "auth.permission", "pk": 159, "fields": {"name": "Can view Order history entry", "content_type": 33, "codename": "view_orderhistoryentry"}}, {"model": "auth.permission", "pk": 160, "fields": {"name": "Can view Ordered item", "content_type": 34, "codename": "view_ordereditem"}}, {"model": "auth.permission", "pk": 161, "fields": {"name": "Can view Delivery Group", "content_type": 35, "codename": "view_deliverygroup"}}, {"model": "auth.permission", "pk": 162, "fields": {"name": "Can view Order", "content_type": 36, "codename": "view_order"}}, {"model": "auth.permission", "pk": 163, "fields": {"name": "Can view Payment", "content_type": 37, "codename": "view_payment"}}, {"model": "auth.permission", "pk": 164, "fields": {"name": "Can add shipping method", "content_type": 39, "codename": "add_shippingmethod"}}, {"model": "auth.permission", "pk": 165, "fields": {"name": "Can change shipping method", "content_type": 39, "codename": "change_shippingmethod"}}, {"model": "auth.permission", "pk": 166, "fields": {"name": "Can delete shipping method", "content_type": 39, "codename": "delete_shippingmethod"}}, {"model": "auth.permission", "pk": 167, "fields": {"name": "Can add shipping method country", "content_type": 38, "codename": "add_shippingmethodcountry"}}, {"model": "auth.permission", "pk": 168, "fields": {"name": "Can change shipping method country", "content_type": 38, "codename": "change_shippingmethodcountry"}}, {"model": "auth.permission", "pk": 169, "fields": {"name": "Can delete shipping method country", "content_type": 38, "codename": "delete_shippingmethodcountry"}}, {"model": "auth.permission", "pk": 172, "fields": {"name": "Can view shipping method country", "content_type": 38, "codename": "view_shippingmethodcountry"}}, {"model": "auth.permission", "pk": 173, "fields": {"name": "Can view shipping method", "content_type": 39, "codename": "view_shippingmethod"}}, {"model": "auth.permission", "pk": 174, "fields": {"name": "Can add site settings", "content_type": 41, "codename": "add_sitesettings"}}, {"model": "auth.permission", "pk": 175, "fields": {"name": "Can change site settings", "content_type": 41, "codename": "change_sitesettings"}}, {"model": "auth.permission", "pk": 176, "fields": {"name": "Can delete site settings", "content_type": 41, "codename": "delete_sitesettings"}}, {"model": "auth.permission", "pk": 177, "fields": {"name": "Can add authorization key", "content_type": 42, "codename": "add_authorizationkey"}}, {"model": "auth.permission", "pk": 178, "fields": {"name": "Can change authorization key", "content_type": 42, "codename": "change_authorizationkey"}}, {"model": "auth.permission", "pk": 179, "fields": {"name": "Can delete authorization key", "content_type": 42, "codename": "delete_authorizationkey"}}, {"model": "auth.permission", "pk": 180, "fields": {"name": "Can add bank", "content_type": 45, "codename": "add_bank"}}, {"model": "auth.permission", "pk": 181, "fields": {"name": "Can change bank", "content_type": 45, "codename": "change_bank"}}, {"model": "auth.permission", "pk": 182, "fields": {"name": "Can delete bank", "content_type": 45, "codename": "delete_bank"}}, {"model": "auth.permission", "pk": 183, "fields": {"name": "Can add bank branch", "content_type": 40, "codename": "add_bankbranch"}}, {"model": "auth.permission", "pk": 184, "fields": {"name": "Can change bank branch", "content_type": 40, "codename": "change_bankbranch"}}, {"model": "auth.permission", "pk": 185, "fields": {"name": "Can delete bank branch", "content_type": 40, "codename": "delete_bankbranch"}}, {"model": "auth.permission", "pk": 186, "fields": {"name": "Can add department", "content_type": 44, "codename": "add_department"}}, {"model": "auth.permission", "pk": 187, "fields": {"name": "Can change department", "content_type": 44, "codename": "change_department"}}, {"model": "auth.permission", "pk": 188, "fields": {"name": "Can delete department", "content_type": 44, "codename": "delete_department"}}, {"model": "auth.permission", "pk": 189, "fields": {"name": "Can add user role", "content_type": 43, "codename": "add_userrole"}}, {"model": "auth.permission", "pk": 190, "fields": {"name": "Can change user role", "content_type": 43, "codename": "change_userrole"}}, {"model": "auth.permission", "pk": 191, "fields": {"name": "Can delete user role", "content_type": 43, "codename": "delete_userrole"}}, {"model": "auth.permission", "pk": 194, "fields": {"name": "Can view bank branch", "content_type": 40, "codename": "view_bankbranch"}}, {"model": "auth.permission", "pk": 195, "fields": {"name": "Can view site settings", "content_type": 41, "codename": "view_sitesettings"}}, {"model": "auth.permission", "pk": 196, "fields": {"name": "Can view authorization key", "content_type": 42, "codename": "view_authorizationkey"}}, {"model": "auth.permission", "pk": 197, "fields": {"name": "Can view user role", "content_type": 43, "codename": "view_userrole"}}, {"model": "auth.permission", "pk": 198, "fields": {"name": "Can view department", "content_type": 44, "codename": "view_department"}}, {"model": "auth.permission", "pk": 199, "fields": {"name": "Can view bank", "content_type": 45, "codename": "view_bank"}}, {"model": "auth.permission", "pk": 200, "fields": {"name": "Can add DrawerCash", "content_type": 49, "codename": "add_drawercash"}}, {"model": "auth.permission", "pk": 201, "fields": {"name": "Can change DrawerCash", "content_type": 49, "codename": "change_drawercash"}}, {"model": "auth.permission", "pk": 202, "fields": {"name": "Can delete DrawerCash", "content_type": 49, "codename": "delete_drawercash"}}, {"model": "auth.permission", "pk": 203, "fields": {"name": "Can add sold item", "content_type": 48, "codename": "add_solditem"}}, {"model": "auth.permission", "pk": 204, "fields": {"name": "Can change sold item", "content_type": 48, "codename": "change_solditem"}}, {"model": "auth.permission", "pk": 205, "fields": {"name": "Can delete sold item", "content_type": 48, "codename": "delete_solditem"}}, {"model": "auth.permission", "pk": 206, "fields": {"name": "Can add Terminal history entry", "content_type": 46, "codename": "add_terminalhistoryentry"}}, {"model": "auth.permission", "pk": 207, "fields": {"name": "Can change Terminal history entry", "content_type": 46, "codename": "change_terminalhistoryentry"}}, {"model": "auth.permission", "pk": 208, "fields": {"name": "Can delete Terminal history entry", "content_type": 46, "codename": "delete_terminalhistoryentry"}}, {"model": "auth.permission", "pk": 209, "fields": {"name": "Can add Sales", "content_type": 50, "codename": "add_sales"}}, {"model": "auth.permission", "pk": 210, "fields": {"name": "Can change Sales", "content_type": 50, "codename": "change_sales"}}, {"model": "auth.permission", "pk": 211, "fields": {"name": "Can delete Sales", "content_type": 50, "codename": "delete_sales"}}, {"model": "auth.permission", "pk": 212, "fields": {"name": "Can add Terminal", "content_type": 47, "codename": "add_terminal"}}, {"model": "auth.permission", "pk": 213, "fields": {"name": "Can change Terminal", "content_type": 47, "codename": "change_terminal"}}, {"model": "auth.permission", "pk": 214, "fields": {"name": "Can delete Terminal", "content_type": 47, "codename": "delete_terminal"}}, {"model": "auth.permission", "pk": 217, "fields": {"name": "Can view Terminal history entry", "content_type": 46, "codename": "view_terminalhistoryentry"}}, {"model": "auth.permission", "pk": 218, "fields": {"name": "Can view Terminal", "content_type": 47, "codename": "view_terminal"}}, {"model": "auth.permission", "pk": 219, "fields": {"name": "Can view sold item", "content_type": 48, "codename": "view_solditem"}}, {"model": "auth.permission", "pk": 220, "fields": {"name": "Can view DrawerCash", "content_type": 49, "codename": "view_drawercash"}}, {"model": "auth.permission", "pk": 221, "fields": {"name": "Can view Sales", "content_type": 50, "codename": "view_sales"}}, {"model": "auth.permission", "pk": 222, "fields": {"name": "Can add address book", "content_type": 52, "codename": "add_addressbook"}}, {"model": "auth.permission", "pk": 223, "fields": {"name": "Can change address book", "content_type": 52, "codename": "change_addressbook"}}, {"model": "auth.permission", "pk": 224, "fields": {"name": "Can delete address book", "content_type": 52, "codename": "delete_addressbook"}}, {"model": "auth.permission", "pk": 225, "fields": {"name": "Can add customer", "content_type": 51, "codename": "add_customer"}}, {"model": "auth.permission", "pk": 226, "fields": {"name": "Can change customer", "content_type": 51, "codename": "change_customer"}}, {"model": "auth.permission", "pk": 227, "fields": {"name": "Can delete customer", "content_type": 51, "codename": "delete_customer"}}, {"model": "auth.permission", "pk": 230, "fields": {"name": "Can view customer", "content_type": 51, "codename": "view_customer"}}, {"model": "auth.permission", "pk": 231, "fields": {"name": "Can view address book", "content_type": 52, "codename": "view_addressbook"}}, {"model": "auth.permission", "pk": 232, "fields": {"name": "Can add supplier", "content_type": 53, "codename": "add_supplier"}}, {"model": "auth.permission", "pk": 233, "fields": {"name": "Can change supplier", "content_type": 53, "codename": "change_supplier"}}, {"model": "auth.permission", "pk": 234, "fields": {"name": "Can delete supplier", "content_type": 53, "codename": "delete_supplier"}}, {"model": "auth.permission", "pk": 235, "fields": {"name": "Can add address book", "content_type": 54, "codename": "add_addressbook"}}, {"model": "auth.permission", "pk": 236, "fields": {"name": "Can change address book", "content_type": 54, "codename": "change_addressbook"}}, {"model": "auth.permission", "pk": 237, "fields": {"name": "Can delete address book", "content_type": 54, "codename": "delete_addressbook"}}, {"model": "auth.permission", "pk": 240, "fields": {"name": "Can view supplier", "content_type": 53, "codename": "view_supplier"}}, {"model": "auth.permission", "pk": 241, "fields": {"name": "Can view address book", "content_type": 54, "codename": "view_addressbook"}}, {"model": "auth.permission", "pk": 242, "fields": {"name": "Can add MpesaPayment", "content_type": 55, "codename": "add_mpesapayment"}}, {"model": "auth.permission", "pk": 243, "fields": {"name": "Can change MpesaPayment", "content_type": 55, "codename": "change_mpesapayment"}}, {"model": "auth.permission", "pk": 244, "fields": {"name": "Can delete MpesaPayment", "content_type": 55, "codename": "delete_mpesapayment"}}, {"model": "auth.permission", "pk": 247, "fields": {"name": "Can view MpesaPayment", "content_type": 55, "codename": "view_mpesapayment"}}, {"model": "auth.permission", "pk": 248, "fields": {"name": "Can add PurchaseOrder", "content_type": 57, "codename": "add_purchaseorder"}}, {"model": "auth.permission", "pk": 249, "fields": {"name": "Can change PurchaseOrder", "content_type": 57, "codename": "change_purchaseorder"}}, {"model": "auth.permission", "pk": 250, "fields": {"name": "Can delete PurchaseOrder", "content_type": 57, "codename": "delete_purchaseorder"}}, {"model": "auth.permission", "pk": 251, "fields": {"name": "Can add PurchaseProduct", "content_type": 56, "codename": "add_purchaseproduct"}}, {"model": "auth.permission", "pk": 252, "fields": {"name": "Can change PurchaseProduct", "content_type": 56, "codename": "change_purchaseproduct"}}, {"model": "auth.permission", "pk": 253, "fields": {"name": "Can delete PurchaseProduct", "content_type": 56, "codename": "delete_purchaseproduct"}}, {"model": "auth.permission", "pk": 254, "fields": {"name": "Can add purchase items", "content_type": 58, "codename": "add_purchaseitems"}}, {"model": "auth.permission", "pk": 255, "fields": {"name": "Can change purchase items", "content_type": 58, "codename": "change_purchaseitems"}}, {"model": "auth.permission", "pk": 256, "fields": {"name": "Can delete purchase items", "content_type": 58, "codename": "delete_purchaseitems"}}, {"model": "auth.permission", "pk": 259, "fields": {"name": "Can view PurchaseProduct", "content_type": 56, "codename": "view_purchaseproduct"}}, {"model": "auth.permission", "pk": 260, "fields": {"name": "Can view PurchaseOrder", "content_type": 57, "codename": "view_purchaseorder"}}, {"model": "auth.permission", "pk": 261, "fields": {"name": "Can view purchase items", "content_type": 58, "codename": "view_purchaseitems"}}, {"model": "auth.permission", "pk": 262, "fields": {"name": "Can add sms template", "content_type": 60, "codename": "add_smstemplate"}}, {"model": "auth.permission", "pk": 263, "fields": {"name": "Can change sms template", "content_type": 60, "codename": "change_smstemplate"}}, {"model": "auth.permission", "pk": 264, "fields": {"name": "Can delete sms template", "content_type": 60, "codename": "delete_smstemplate"}}, {"model": "auth.permission", "pk": 265, "fields": {"name": "Can add s message", "content_type": 59, "codename": "add_smessage"}}, {"model": "auth.permission", "pk": 266, "fields": {"name": "Can change s message", "content_type": 59, "codename": "change_smessage"}}, {"model": "auth.permission", "pk": 267, "fields": {"name": "Can delete s message", "content_type": 59, "codename": "delete_smessage"}}, {"model": "auth.permission", "pk": 270, "fields": {"name": "Can view s message", "content_type": 59, "codename": "view_smessage"}}, {"model": "auth.permission", "pk": 271, "fields": {"name": "Can view sms template", "content_type": 60, "codename": "view_smstemplate"}}, {"model": "auth.permission", "pk": 276, "fields": {"name": "Can add conversion rate", "content_type": 61, "codename": "add_conversionrate"}}, {"model": "auth.permission", "pk": 277, "fields": {"name": "Can change conversion rate", "content_type": 61, "codename": "change_conversionrate"}}, {"model": "auth.permission", "pk": 278, "fields": {"name": "Can delete conversion rate", "content_type": 61, "codename": "delete_conversionrate"}}, {"model": "auth.permission", "pk": 281, "fields": {"name": "Can view conversion rate", "content_type": 61, "codename": "view_conversionrate"}}, {"model": "auth.permission", "pk": 290, "fields": {"name": "Can add nonce", "content_type": 62, "codename": "add_nonce"}}, {"model": "auth.permission", "pk": 291, "fields": {"name": "Can change nonce", "content_type": 62, "codename": "change_nonce"}}, {"model": "auth.permission", "pk": 292, "fields": {"name": "Can delete nonce", "content_type": 62, "codename": "delete_nonce"}}, {"model": "auth.permission", "pk": 293, "fields": {"name": "Can add code", "content_type": 64, "codename": "add_code"}}, {"model": "auth.permission", "pk": 294, "fields": {"name": "Can change code", "content_type": 64, "codename": "change_code"}}, {"model": "auth.permission", "pk": 295, "fields": {"name": "Can delete code", "content_type": 64, "codename": "delete_code"}}, {"model": "auth.permission", "pk": 296, "fields": {"name": "Can add association", "content_type": 66, "codename": "add_association"}}, {"model": "auth.permission", "pk": 297, "fields": {"name": "Can change association", "content_type": 66, "codename": "change_association"}}, {"model": "auth.permission", "pk": 298, "fields": {"name": "Can delete association", "content_type": 66, "codename": "delete_association"}}, {"model": "auth.permission", "pk": 299, "fields": {"name": "Can add partial", "content_type": 65, "codename": "add_partial"}}, {"model": "auth.permission", "pk": 300, "fields": {"name": "Can change partial", "content_type": 65, "codename": "change_partial"}}, {"model": "auth.permission", "pk": 301, "fields": {"name": "Can delete partial", "content_type": 65, "codename": "delete_partial"}}, {"model": "auth.permission", "pk": 302, "fields": {"name": "Can add user social auth", "content_type": 63, "codename": "add_usersocialauth"}}, {"model": "auth.permission", "pk": 303, "fields": {"name": "Can change user social auth", "content_type": 63, "codename": "change_usersocialauth"}}, {"model": "auth.permission", "pk": 304, "fields": {"name": "Can delete user social auth", "content_type": 63, "codename": "delete_usersocialauth"}}, {"model": "auth.permission", "pk": 307, "fields": {"name": "Can view nonce", "content_type": 62, "codename": "view_nonce"}}, {"model": "auth.permission", "pk": 308, "fields": {"name": "Can view user social auth", "content_type": 63, "codename": "view_usersocialauth"}}, {"model": "auth.permission", "pk": 309, "fields": {"name": "Can view code", "content_type": 64, "codename": "view_code"}}, {"model": "auth.permission", "pk": 310, "fields": {"name": "Can view partial", "content_type": 65, "codename": "view_partial"}}, {"model": "auth.permission", "pk": 311, "fields": {"name": "Can view association", "content_type": 66, "codename": "view_association"}}, {"model": "auth.permission", "pk": 314, "fields": {"name": "Can add Token", "content_type": 67, "codename": "add_token"}}, {"model": "auth.permission", "pk": 315, "fields": {"name": "Can change Token", "content_type": 67, "codename": "change_token"}}, {"model": "auth.permission", "pk": 316, "fields": {"name": "Can delete Token", "content_type": 67, "codename": "delete_token"}}, {"model": "auth.permission", "pk": 319, "fields": {"name": "Can view Token", "content_type": 67, "codename": "view_token"}}, {"model": "auth.permission", "pk": 320, "fields": {"name": "Can add notification", "content_type": 68, "codename": "add_notification"}}, {"model": "auth.permission", "pk": 321, "fields": {"name": "Can change notification", "content_type": 68, "codename": "change_notification"}}, {"model": "auth.permission", "pk": 322, "fields": {"name": "Can delete notification", "content_type": 68, "codename": "delete_notification"}}, {"model": "auth.permission", "pk": 325, "fields": {"name": "Can view notification", "content_type": 68, "codename": "view_notification"}}, {"model": "userprofile.address", "pk": 1, "fields": {"first_name": "Christopher", "last_name": "Miller", "company_name": "", "street_address_1": "9674 Byrd Place Apt. 133", "street_address_2": "", "city": "Graychester", "city_area": "", "postal_code": "67839-7117", "country": "JM", "country_area": "", "phone": ""}}, {"model": "userprofile.address", "pk": 2, "fields": {"first_name": "Ruth", "last_name": "Thornton", "company_name": "", "street_address_1": "43163 Craig Terrace Suite 923", "street_address_2": "", "city": "Anthonyberg", "city_area": "", "postal_code": "01932-8548", "country": "GT", "country_area": "", "phone": ""}}, {"model": "userprofile.address", "pk": 3, "fields": {"first_name": "Roberta", "last_name": "Johnson", "company_name": "", "street_address_1": "1557 Harris Mall", "street_address_2": "", "city": "West Derekberg", "city_area": "", "postal_code": "34886-1806", "country": "KZ", "country_area": "", "phone": ""}}, {"model": "userprofile.address", "pk": 4, "fields": {"first_name": "Jill", "last_name": "Colon", "company_name": "", "street_address_1": "458 Anna Coves", "street_address_2": "", "city": "East Kelseyside", "city_area": "", "postal_code": "80213", "country": "BA", "country_area": "", "phone": ""}}, {"model": "userprofile.address", "pk": 5, "fields": {"first_name": "Curtis", "last_name": "Anderson", "company_name": "", "street_address_1": "247 Nathan Rest", "street_address_2": "", "city": "Jennifertown", "city_area": "", "postal_code": "82519", "country": "AR", "country_area": "", "phone": ""}}, {"model": "userprofile.address", "pk": 6, "fields": {"first_name": "Kristin", "last_name": "Wong", "company_name": "", "street_address_1": "22118 Michael Village", "street_address_2": "", "city": "Lake Jesseburgh", "city_area": "", "postal_code": "97052-7108", "country": "DJ", "country_area": "", "phone": ""}}, {"model": "userprofile.address", "pk": 7, "fields": {"first_name": "Zachary", "last_name": "Gibson", "company_name": "", "street_address_1": "9739 John Burg Suite 193", "street_address_2": "", "city": "Jamestown", "city_area": "", "postal_code": "89994-9267", "country": "US", "country_area": "", "phone": ""}}, {"model": "userprofile.address", "pk": 8, "fields": {"first_name": "Charles", "last_name": "Alvarez", "company_name": "", "street_address_1": "307 Walter Street Suite 897", "street_address_2": "", "city": "New Carrie", "city_area": "", "postal_code": "74937", "country": "LI", "country_area": "", "phone": ""}}, {"model": "userprofile.address", "pk": 9, "fields": {"first_name": "Gene", "last_name": "Richardson", "company_name": "", "street_address_1": "489 Martin Walks", "street_address_2": "", "city": "South Alisonport", "city_area": "", "postal_code": "60897-9522", "country": "NR", "country_area": "", "phone": ""}}, {"model": "userprofile.address", "pk": 10, "fields": {"first_name": "Stephanie", "last_name": "Petersen", "company_name": "", "street_address_1": "3337 Williamson Key Apt. 247", "street_address_2": "", "city": "Jaredshire", "city_area": "", "postal_code": "07993", "country": "GE", "country_area": "", "phone": ""}}, {"model": "userprofile.address", "pk": 11, "fields": {"first_name": "Anna", "last_name": "Gray", "company_name": "", "street_address_1": "27584 Tyler Cliffs", "street_address_2": "", "city": "Hendersonborough", "city_area": "", "postal_code": "87132", "country": "IT", "country_area": "", "phone": ""}}, {"model": "userprofile.address", "pk": 12, "fields": {"first_name": "Christine", "last_name": "Evans", "company_name": "", "street_address_1": "22474 Christina Turnpike", "street_address_2": "", "city": "Silvaberg", "city_area": "", "postal_code": "82644", "country": "AG", "country_area": "", "phone": ""}}, {"model": "userprofile.address", "pk": 13, "fields": {"first_name": "Kimberly", "last_name": "Clark", "company_name": "", "street_address_1": "23499 Phillips Drive Apt. 004", "street_address_2": "", "city": "Schwartzbury", "city_area": "", "postal_code": "41707-7758", "country": "PY", "country_area": "", "phone": ""}}, {"model": "userprofile.address", "pk": 14, "fields": {"first_name": "Tony", "last_name": "Reyes", "company_name": "", "street_address_1": "43065 David Walk Suite 267", "street_address_2": "", "city": "Lake Emmaport", "city_area": "", "postal_code": "93060", "country": "MA", "country_area": "", "phone": ""}}, {"model": "userprofile.address", "pk": 15, "fields": {"first_name": "Nicholas", "last_name": "Watts", "company_name": "", "street_address_1": "153 Walker Shore Suite 547", "street_address_2": "", "city": "Christophertown", "city_area": "", "postal_code": "24907", "country": "MH", "country_area": "", "phone": ""}}, {"model": "userprofile.address", "pk": 16, "fields": {"first_name": "Alexis", "last_name": "Steele", "company_name": "", "street_address_1": "8159 Walker Vista", "street_address_2": "", "city": "South Jeffrey", "city_area": "", "postal_code": "28079", "country": "KG", "country_area": "", "phone": ""}}, {"model": "userprofile.address", "pk": 17, "fields": {"first_name": "Nichole", "last_name": "Hess", "company_name": "", "street_address_1": "359 Acosta Camp", "street_address_2": "", "city": "Maddenberg", "city_area": "", "postal_code": "86915-0863", "country": "VU", "country_area": "", "phone": ""}}, {"model": "userprofile.address", "pk": 18, "fields": {"first_name": "Krista", "last_name": "Monroe", "company_name": "", "street_address_1": "48658 Kyle Trace Suite 120", "street_address_2": "", "city": "Payneshire", "city_area": "", "postal_code": "31280", "country": "NL", "country_area": "", "phone": ""}}, {"model": "userprofile.address", "pk": 19, "fields": {"first_name": "Robert", "last_name": "Wilson", "company_name": "", "street_address_1": "25360 Douglas Ports", "street_address_2": "", "city": "West Mitchell", "city_area": "", "postal_code": "51003", "country": "QA", "country_area": "", "phone": ""}}, {"model": "userprofile.address", "pk": 20, "fields": {"first_name": "Melody", "last_name": "Oliver", "company_name": "", "street_address_1": "033 Atkins Trail", "street_address_2": "", "city": "Millerton", "city_area": "", "postal_code": "46974", "country": "BB", "country_area": "", "phone": ""}}, {"model": "userprofile.address", "pk": 21, "fields": {"first_name": "Kevin", "last_name": "White", "company_name": "", "street_address_1": "58666 Burns Heights Apt. 619", "street_address_2": "", "city": "Vaughanchester", "city_area": "", "postal_code": "58552-6772", "country": "CO", "country_area": "", "phone": ""}}, {"model": "userprofile.address", "pk": 22, "fields": {"first_name": "Scott", "last_name": "Miller", "company_name": "", "street_address_1": "087 Alfred Dam", "street_address_2": "", "city": "Lake Bryanhaven", "city_area": "", "postal_code": "24110", "country": "UG", "country_area": "", "phone": ""}}, {"model": "userprofile.address", "pk": 23, "fields": {"first_name": "Tina", "last_name": "Jones", "company_name": "", "street_address_1": "589 Erin Crossroad Apt. 712", "street_address_2": "", "city": "New Shannonmouth", "city_area": "", "postal_code": "84435-6335", "country": "TM", "country_area": "", "phone": ""}}, {"model": "userprofile.address", "pk": 24, "fields": {"first_name": "Alyssa", "last_name": "Rodriguez", "company_name": "", "street_address_1": "450 Mary Manors Apt. 264", "street_address_2": "", "city": "West Paula", "city_area": "", "postal_code": "59913", "country": "GA", "country_area": "", "phone": ""}}, {"model": "userprofile.address", "pk": 25, "fields": {"first_name": "Mark", "last_name": "Reyes", "company_name": "", "street_address_1": "951 Rogers Road Apt. 992", "street_address_2": "", "city": "Moralesfurt", "city_area": "", "postal_code": "18453-6343", "country": "NP", "country_area": "", "phone": ""}}, {"model": "userprofile.address", "pk": 26, "fields": {"first_name": "Phyllis", "last_name": "Pratt", "company_name": "", "street_address_1": "763 Adams Mews Suite 548", "street_address_2": "", "city": "South Donna", "city_area": "", "postal_code": "87190", "country": "MK", "country_area": "", "phone": ""}}, {"model": "userprofile.address", "pk": 27, "fields": {"first_name": "Chelsea", "last_name": "Frazier", "company_name": "", "street_address_1": "53570 Anderson Rapids Suite 359", "street_address_2": "", "city": "Port Chelseashire", "city_area": "", "postal_code": "99891", "country": "DO", "country_area": "", "phone": ""}}, {"model": "userprofile.address", "pk": 28, "fields": {"first_name": "Danielle", "last_name": "Hicks", "company_name": "", "street_address_1": "57165 William Stream Apt. 288", "street_address_2": "", "city": "Wardton", "city_area": "", "postal_code": "99453-6957", "country": "TJ", "country_area": "", "phone": ""}}, {"model": "userprofile.address", "pk": 29, "fields": {"first_name": "Timothy", "last_name": "Joseph", "company_name": "", "street_address_1": "15018 Brown Branch", "street_address_2": "", "city": "East Barbara", "city_area": "", "postal_code": "93405-4498", "country": "SL", "country_area": "", "phone": ""}}, {"model": "userprofile.address", "pk": 30, "fields": {"first_name": "Dennis", "last_name": "Benson", "company_name": "", "street_address_1": "15599 Gibson Light Apt. 257", "street_address_2": "", "city": "North Danielleville", "city_area": "", "postal_code": "79282-4137", "country": "MZ", "country_area": "", "phone": ""}}, {"model": "userprofile.address", "pk": 31, "fields": {"first_name": "Anne", "last_name": "Greene", "company_name": "", "street_address_1": "70345 Megan Fields Apt. 503", "street_address_2": "", "city": "Lake Beverly", "city_area": "", "postal_code": "53043", "country": "BE", "country_area": "", "phone": ""}}, {"model": "userprofile.user", "pk": 1, "fields": {"password": "pbkdf2_sha256$30000$UhSlLMPiocP4$cvST7Dg12QKnpLFSATxvpCrmrI1PFDhrBZp7pY6/5vs=", "last_login": null, "is_superuser": false, "email": "christopher.miller@example.com", "name": null, "is_staff": false, "is_active": true, "send_mail": true, "job_title": "", "nid": null, "mobile": null, "image": "employee/user.png", "date_joined": "2017-08-15T07:23:01.566Z", "default_shipping_address": 1, "default_billing_address": 1, "groups": [], "user_permissions": [], "addresses": [1]}}, {"model": "userprofile.user", "pk": 2, "fields": {"password": "pbkdf2_sha256$30000$VkKNIKSHxrs2$BdzjmxAigLsn9TM/R+WqD2QGiflM3jq4/CUXrtxyVYE=", "last_login": null, "is_superuser": false, "email": "ruth.thornton@example.com", "name": null, "is_staff": false, "is_active": true, "send_mail": true, "job_title": "", "nid": null, "mobile": null, "image": "employee/user.png", "date_joined": "2017-08-15T07:23:01.666Z", "default_shipping_address": 2, "default_billing_address": 2, "groups": [], "user_permissions": [], "addresses": [2]}}, {"model": "userprofile.user", "pk": 3, "fields": {"password": "pbkdf2_sha256$30000$OhCv55lxx6d0$AMi+Fxo76U0c03k4aCjvFRCx3NiMSgseGJWnc02hF7Q=", "last_login": null, "is_superuser": false, "email": "roberta.johnson@example.com", "name": null, "is_staff": false, "is_active": true, "send_mail": true, "job_title": "", "nid": null, "mobile": null, "image": "employee/user.png", "date_joined": "2017-08-15T07:23:01.766Z", "default_shipping_address": 3, "default_billing_address": 3, "groups": [], "user_permissions": [], "addresses": [3]}}, {"model": "userprofile.user", "pk": 4, "fields": {"password": "pbkdf2_sha256$30000$QfoU4mJDk311$exY7hmDeUAKwy5A0gBo030gNkRClUR6lftddLk9lJMg=", "last_login": null, "is_superuser": false, "email": "jill.colon@example.com", "name": null, "is_staff": false, "is_active": true, "send_mail": true, "job_title": "", "nid": null, "mobile": null, "image": "employee/user.png", "date_joined": "2017-08-15T07:23:01.855Z", "default_shipping_address": 4, "default_billing_address": 4, "groups": [], "user_permissions": [], "addresses": [4]}}, {"model": "userprofile.user", "pk": 5, "fields": {"password": "pbkdf2_sha256$30000$ldjOhgQzjm2R$JNfZUFTtlT28r2VZPTlRvGa1NE0xVOYFIc4eD34w7VQ=", "last_login": null, "is_superuser": false, "email": "curtis.anderson@example.com", "name": null, "is_staff": false, "is_active": true, "send_mail": true, "job_title": "", "nid": null, "mobile": null, "image": "employee/user.png", "date_joined": "2017-08-15T07:23:01.943Z", "default_shipping_address": 5, "default_billing_address": 5, "groups": [], "user_permissions": [], "addresses": [5]}}, {"model": "userprofile.user", "pk": 6, "fields": {"password": "pbkdf2_sha256$30000$u3fVYh6CwBy2$GpIv9l4WsU6Favtfpl/ERLeDgwrq4+/GXPoortcsvMY=", "last_login": null, "is_superuser": false, "email": "kristin.wong@example.com", "name": null, "is_staff": false, "is_active": true, "send_mail": true, "job_title": "", "nid": null, "mobile": null, "image": "employee/user.png", "date_joined": "2017-08-15T07:23:02.032Z", "default_shipping_address": 6, "default_billing_address": 6, "groups": [], "user_permissions": [], "addresses": [6]}}, {"model": "userprofile.user", "pk": 7, "fields": {"password": "pbkdf2_sha256$30000$ki3sA7Lwcn0Q$uxZoHykyk4SksXd1qlybWI32Z1fX2A+v2upVir7yTEE=", "last_login": null, "is_superuser": false, "email": "zachary.gibson@example.com", "name": null, "is_staff": false, "is_active": true, "send_mail": true, "job_title": "", "nid": null, "mobile": null, "image": "employee/user.png", "date_joined": "2017-08-15T07:23:02.121Z", "default_shipping_address": 7, "default_billing_address": 7, "groups": [], "user_permissions": [], "addresses": [7]}}, {"model": "userprofile.user", "pk": 8, "fields": {"password": "pbkdf2_sha256$30000$Pv2TscJ0Zo6W$hM0yX2QmddwRqZKoQR6S3OEaablAmELBocfr55T1pPQ=", "last_login": null, "is_superuser": false, "email": "charles.alvarez@example.com", "name": null, "is_staff": false, "is_active": true, "send_mail": true, "job_title": "", "nid": null, "mobile": null, "image": "employee/user.png", "date_joined": "2017-08-15T07:23:02.210Z", "default_shipping_address": 8, "default_billing_address": 8, "groups": [], "user_permissions": [], "addresses": [8]}}, {"model": "userprofile.user", "pk": 9, "fields": {"password": "pbkdf2_sha256$30000$waAfyI4Cdtnr$bw95lTBBohSNCbbpTgZBUgKcUcTMJW2bPG7Nqd7+ccQ=", "last_login": null, "is_superuser": false, "email": "gene.richardson@example.com", "name": null, "is_staff": false, "is_active": true, "send_mail": true, "job_title": "", "nid": null, "mobile": null, "image": "employee/user.png", "date_joined": "2017-08-15T07:23:02.310Z", "default_shipping_address": 9, "default_billing_address": 9, "groups": [], "user_permissions": [], "addresses": [9]}}, {"model": "userprofile.user", "pk": 10, "fields": {"password": "pbkdf2_sha256$30000$NCDJhzjvjxaW$yoPtOhUYFI4xfGNpFRAd7fCDpF+Nj42T4rmt9wZsfxo=", "last_login": null, "is_superuser": false, "email": "stephanie.petersen@example.com", "name": null, "is_staff": false, "is_active": true, "send_mail": true, "job_title": "", "nid": null, "mobile": null, "image": "employee/user.png", "date_joined": "2017-08-15T07:23:02.420Z", "default_shipping_address": 10, "default_billing_address": 10, "groups": [], "user_permissions": [], "addresses": [10]}}, {"model": "userprofile.user", "pk": 11, "fields": {"password": "pbkdf2_sha256$30000$yl8rfWSrp5gn$GKlyx+GQvHgdK46ZOV90aPTaPXd3GXCgz7G/LkSziHs=", "last_login": null, "is_superuser": false, "email": "anna.gray@example.com", "name": null, "is_staff": false, "is_active": true, "send_mail": true, "job_title": "", "nid": null, "mobile": null, "image": "employee/user.png", "date_joined": "2017-08-15T07:23:02.531Z", "default_shipping_address": 11, "default_billing_address": 11, "groups": [], "user_permissions": [], "addresses": [11]}}, {"model": "userprofile.user", "pk": 12, "fields": {"password": "pbkdf2_sha256$30000$zcTupMYhRe7N$EckBga0FpMmcmX93kMpIPJtlk3ovP3vwwtA/EB0F3U4=", "last_login": null, "is_superuser": false, "email": "christine.evans@example.com", "name": null, "is_staff": false, "is_active": true, "send_mail": true, "job_title": "", "nid": null, "mobile": null, "image": "employee/user.png", "date_joined": "2017-08-15T07:23:02.642Z", "default_shipping_address": 12, "default_billing_address": 12, "groups": [], "user_permissions": [], "addresses": [12]}}, {"model": "userprofile.user", "pk": 13, "fields": {"password": "pbkdf2_sha256$30000$AEgeOTJrqdne$0RmbDmdpaNQF7DPEfPqISy07d7eRPmVwWWvXCOO46IY=", "last_login": null, "is_superuser": false, "email": "kimberly.clark@example.com", "name": null, "is_staff": false, "is_active": true, "send_mail": true, "job_title": "", "nid": null, "mobile": null, "image": "employee/user.png", "date_joined": "2017-08-15T07:23:02.753Z", "default_shipping_address": 13, "default_billing_address": 13, "groups": [], "user_permissions": [], "addresses": [13]}}, {"model": "userprofile.user", "pk": 14, "fields": {"password": "pbkdf2_sha256$30000$mK8aaMDxQZsr$8FNPX0XOxpguEZ5r1BgdC9jHoVlbE1+cJwOavTuFfB0=", "last_login": null, "is_superuser": false, "email": "tony.reyes@example.com", "name": null, "is_staff": false, "is_active": true, "send_mail": true, "job_title": "", "nid": null, "mobile": null, "image": "employee/user.png", "date_joined": "2017-08-15T07:23:02.854Z", "default_shipping_address": 14, "default_billing_address": 14, "groups": [], "user_permissions": [], "addresses": [14]}}, {"model": "userprofile.user", "pk": 15, "fields": {"password": "pbkdf2_sha256$30000$TB2i9ZzixGh7$Y/6z2iSmJ+L4A/HCzPswh0WhmMXdlG/WYbQKK61VCPc=", "last_login": null, "is_superuser": false, "email": "nicholas.watts@example.com", "name": null, "is_staff": false, "is_active": true, "send_mail": true, "job_title": "", "nid": null, "mobile": null, "image": "employee/user.png", "date_joined": "2017-08-15T07:23:02.964Z", "default_shipping_address": 15, "default_billing_address": 15, "groups": [], "user_permissions": [], "addresses": [15]}}, {"model": "userprofile.user", "pk": 16, "fields": {"password": "pbkdf2_sha256$30000$uYouWhX7ndU8$9yc/lrnSnEB5JEPdC7ieiKz6doNuFS9JbLfR/3a1Ujc=", "last_login": null, "is_superuser": false, "email": "alexis.steele@example.com", "name": null, "is_staff": false, "is_active": true, "send_mail": true, "job_title": "", "nid": null, "mobile": null, "image": "employee/user.png", "date_joined": "2017-08-15T07:23:03.064Z", "default_shipping_address": 16, "default_billing_address": 16, "groups": [], "user_permissions": [], "addresses": [16]}}, {"model": "userprofile.user", "pk": 17, "fields": {"password": "pbkdf2_sha256$30000$cVeEWD8xFauO$7KFoYC95R/6Y675rBCvFM+VgOuPIw5YFFY9kHXs29oQ=", "last_login": null, "is_superuser": false, "email": "nichole.hess@example.com", "name": null, "is_staff": false, "is_active": true, "send_mail": true, "job_title": "", "nid": null, "mobile": null, "image": "employee/user.png", "date_joined": "2017-08-15T07:23:03.153Z", "default_shipping_address": 17, "default_billing_address": 17, "groups": [], "user_permissions": [], "addresses": [17]}}, {"model": "userprofile.user", "pk": 18, "fields": {"password": "pbkdf2_sha256$30000$GuyqhtIY5eJs$I9Tqt2P/8gKHN8sG/jwKRX/qLnXXViLZ1jpJLLhmPeQ=", "last_login": null, "is_superuser": false, "email": "krista.monroe@example.com", "name": null, "is_staff": false, "is_active": true, "send_mail": true, "job_title": "", "nid": null, "mobile": null, "image": "employee/user.png", "date_joined": "2017-08-15T07:23:03.241Z", "default_shipping_address": 18, "default_billing_address": 18, "groups": [], "user_permissions": [], "addresses": [18]}}, {"model": "userprofile.user", "pk": 19, "fields": {"password": "pbkdf2_sha256$30000$WnXs6lvjGvoG$e5BLmP7hAGIlrfvy1N5NMve4W8rcZCDvtdVMJaUAeUY=", "last_login": null, "is_superuser": false, "email": "robert.wilson@example.com", "name": null, "is_staff": false, "is_active": true, "send_mail": true, "job_title": "", "nid": null, "mobile": null, "image": "employee/user.png", "date_joined": "2017-08-15T07:23:03.330Z", "default_shipping_address": 19, "default_billing_address": 19, "groups": [], "user_permissions": [], "addresses": [19]}}, {"model": "userprofile.user", "pk": 20, "fields": {"password": "pbkdf2_sha256$30000$yDpiWaDaLj3V$0D/tprMiw9icfyZxPc1bWBb6KIdu9gUbXGF/K98p0a8=", "last_login": null, "is_superuser": false, "email": "melody.oliver@example.com", "name": null, "is_staff": false, "is_active": true, "send_mail": true, "job_title": "", "nid": null, "mobile": null, "image": "employee/user.png", "date_joined": "2017-08-15T07:23:03.419Z", "default_shipping_address": 20, "default_billing_address": 20, "groups": [], "user_permissions": [], "addresses": [20]}}, {"model": "discount.voucher", "pk": 1, "fields": {"type": "shipping", "name": "Free shipping", "code": "FREESHIPPING", "usage_limit": null, "used": 0, "start_date": "2017-08-15", "end_date": null, "discount_value_type": "percentage", "discount_value": "100.00", "product": null, "category": null, "apply_to": null, "limit": null}}, {"model": "discount.voucher", "pk": 2, "fields": {"type": "value", "name": "Big order discount", "code": "DISCOUNT", "usage_limit": null, "used": 0, "start_date": "2017-08-15", "end_date": null, "discount_value_type": "fixed", "discount_value": "25.00", "product": null, "category": null, "apply_to": null, "limit": "200.00"}}, {"model": "discount.sale", "pk": 1, "fields": {"name": "Happy non day!", "type": "percentage", "value": "20.00", "start_date": "2017-08-15", "end_date": null, "products": [9, 18, 29, 54], "categories": []}}, {"model": "discount.sale", "pk": 2, "fields": {"name": "Happy earum day!", "type": "percentage", "value": "30.00", "start_date": "2017-08-15", "end_date": null, "products": [25, 39, 40, 46], "categories": []}}, {"model": "discount.sale", "pk": 3, "fields": {"name": "Happy alias day!", "type": "percentage", "value": "40.00", "start_date": "2017-08-15", "end_date": null, "products": [4, 30, 32, 56], "categories": []}}, {"model": "discount.sale", "pk": 4, "fields": {"name": "Happy magnam day!", "type": "percentage", "value": "20.00", "start_date": "2017-08-15", "end_date": null, "products": [5, 33, 35, 59], "categories": []}}, {"model": "discount.sale", "pk": 5, "fields": {"name": "Happy qui day!", "type": "percentage", "value": "10.00", "start_date": "2017-08-15", "end_date": null, "products": [29, 31, 42, 53], "categories": []}}, {"model": "product.category", "pk": 1, "fields": {"name": "Groceries", "slug": "groceries", "description": "Explicabo dolore consequatur eligendi. Quo facere distinctio molestiae ipsa laborum sit accusamus. Dolore voluptatem at esse.", "parent": null, "hidden": false, "lft": 1, "rght": 2, "tree_id": 1, "level": 0}}, {"model": "product.category", "pk": 2, "fields": {"name": "Accessories", "slug": "accessories", "description": "Odio veritatis tempore enim ab at mollitia cumque. Molestiae exercitationem magnam debitis et inventore vero. Facere et sit repudiandae minima voluptatum quibusdam quis.", "parent": null, "hidden": false, "lft": 1, "rght": 2, "tree_id": 2, "level": 0}}, {"model": "product.category", "pk": 3, "fields": {"name": "Apparel", "slug": "apparel", "description": "Velit nostrum hic impedit dolores. Earum eaque excepturi itaque suscipit libero modi quam. Nemo nihil voluptatum aliquid eos quibusdam consectetur inventore. Quis dolores numquam suscipit quibusdam.", "parent": null, "hidden": false, "lft": 1, "rght": 2, "tree_id": 3, "level": 0}}, {"model": "product.category", "pk": 4, "fields": {"name": "Books", "slug": "books", "description": "Quidem necessitatibus ab voluptas nihil. Culpa officiis sed in pariatur eveniet cumque eum. Autem similique autem inventore ut nesciunt quibusdam. Deserunt minima vel aliquid.", "parent": null, "hidden": false, "lft": 1, "rght": 2, "tree_id": 4, "level": 0}}, {"model": "product.productclass", "pk": 1, "fields": {"name": "Coffee", "has_variants": true, "is_shipping_required": true, "product_attributes": [1, 2], "variant_attributes": [3]}}, {"model": "product.productclass", "pk": 2, "fields": {"name": "Mugs", "has_variants": true, "is_shipping_required": true, "product_attributes": [1], "variant_attributes": []}}, {"model": "product.productclass", "pk": 3, "fields": {"name": "Candy", "has_variants": true, "is_shipping_required": true, "product_attributes": [1, 4], "variant_attributes": [5]}}, {"model": "product.productclass", "pk": 4, "fields": {"name": "T-Shirt", "has_variants": true, "is_shipping_required": true, "product_attributes": [1, 7, 6], "variant_attributes": [8]}}, {"model": "product.productclass", "pk": 5, "fields": {"name": "Books", "has_variants": true, "is_shipping_required": true, "product_attributes": [11, 10, 9], "variant_attributes": [12]}}, {"model": "product.productclass", "pk": 6, "fields": {"name": "E-books", "has_variants": true, "is_shipping_required": false, "product_attributes": [11, 10, 9], "variant_attributes": []}}, {"model": "product.product", "pk": 1, "fields": {"product_class": 1, "product_tax": null, "name": "Pena PLC", "description": "Occaecati et laboriosam sapiente doloremque cumque dolorum. Fugit esse suscipit voluptates alias eius blanditiis odit. Voluptatibus consectetur magnam quibusdam voluptas molestias facere.\n\nId aperiam ex exercitationem rem aliquid quibusdam. Blanditiis velit ratione hic.\n\nNobis rem repellendus sequi sed debitis dolore. Voluptatem dignissimos reiciendis cumque ad explicabo sequi maiores. Placeat ab magni repellendus. Iure veritatis animi maxime et reiciendis maiores minima omnis.\n\nHic voluptate libero dolor aperiam mollitia. Praesentium minima molestias tempora officia fugit. Molestias tempore laudantium laboriosam aperiam veniam. Earum ipsa quaerat nihil quia.\n\nIste minus quae dignissimos voluptates culpa quibusdam. Veritatis a architecto facilis consectetur. Eum exercitationem illo tenetur est dolorem praesentium itaque nihil.", "price": "7.22", "wholesale_price": null, "product_supplier": null, "available_on": null, "attributes": "{\"1\": \"1\", \"2\": \"2\"}", "updated_at": "2017-08-15T07:22:52.003Z", "is_featured": false, "low_stock_threshold": 10, "categories": [1]}}, {"model": "product.product", "pk": 2, "fields": {"product_class": 1, "product_tax": null, "name": "Gillespie-Rich", "description": "Aliquam nesciunt quidem facilis corporis dolore. Aliquid eaque ipsam quia rerum magnam. Id ullam modi sit perferendis non doloremque velit. Quis dignissimos veritatis veritatis consequatur eveniet.\n\nVoluptas fugiat dolor qui suscipit ipsam unde quia eum. Veniam sed qui in architecto ipsum maiores. Illum veritatis sed rerum.\n\nVeritatis sit earum possimus saepe nihil voluptates. A iure mollitia aperiam. Ullam ipsam soluta rem facilis laudantium assumenda maxime. Nam quos laudantium porro libero natus ipsam eum.\n\nA in earum accusamus corrupti. Non est dolorum dolorem quia sed perspiciatis impedit cum. Qui laudantium placeat minus. Nesciunt maxime accusantium modi laudantium quam ullam.\n\nRecusandae sequi illo officia sapiente eaque fugit. Fuga ullam error qui a consectetur debitis. Soluta est autem harum accusantium. Necessitatibus repellat aliquam sunt voluptatibus iusto omnis.", "price": "0.85", "wholesale_price": null, "product_supplier": null, "available_on": null, "attributes": "{\"1\": \"1\", \"2\": \"3\"}", "updated_at": "2017-08-15T07:22:52.350Z", "is_featured": false, "low_stock_threshold": 10, "categories": [1]}}, {"model": "product.product", "pk": 3, "fields": {"product_class": 1, "product_tax": null, "name": "King-Gonzalez", "description": "Soluta distinctio sunt minima sapiente corporis exercitationem ratione. Commodi sunt natus quidem culpa ullam. Accusantium illum sunt ad ipsa dolor. Saepe deserunt accusamus magnam necessitatibus quisquam libero delectus. Eveniet recusandae porro quaerat quam perferendis ab est.\n\nPossimus velit aspernatur dolorum. Sed sit ab ea error veniam quo sequi repellat. In assumenda voluptatum mollitia corrupti. Perferendis expedita cum alias.\n\nEx voluptas sapiente totam incidunt praesentium eveniet facilis. Id quidem amet iste. Veniam corrupti deserunt laborum laudantium veritatis voluptatum vero.\n\nRepudiandae molestiae deserunt fugiat non. Est odit vero ducimus accusamus rerum a. Ipsum architecto dicta error. Voluptatum dolore pariatur fugiat sapiente blanditiis corrupti.\n\nNisi commodi dolor mollitia blanditiis voluptas. Earum aut inventore quaerat fugiat a in ut. Eveniet sed doloribus omnis optio dolor. Minus laboriosam excepturi laborum incidunt.", "price": "78.12", "wholesale_price": null, "product_supplier": null, "available_on": null, "attributes": "{\"1\": \"1\", \"2\": \"3\"}", "updated_at": "2017-08-15T07:22:52.581Z", "is_featured": false, "low_stock_threshold": 10, "categories": [1]}}, {"model": "product.product", "pk": 4, "fields": {"product_class": 1, "product_tax": null, "name": "Davis, Fernandez and Edwards", "description": "Cumque dolorum maiores consectetur ducimus culpa soluta repellendus. Iusto vel sapiente consequatur iusto.\n\nExplicabo cum dolorem blanditiis quibusdam. Rerum aliquam laudantium sequi autem. Nobis dolor magnam cum. Error totam rerum nulla odit adipisci ex inventore. Culpa ea commodi temporibus voluptatem mollitia aperiam.\n\nVoluptas at cum quod debitis. Laborum impedit labore explicabo iste quae dolores.\n\nIn dolor omnis pariatur dolores harum. Quisquam totam rem officiis porro amet excepturi. Sequi inventore aspernatur voluptatum inventore veritatis eveniet. Dolores neque vero porro ratione laudantium qui ipsa.\n\nVoluptates praesentium ab suscipit expedita. Ipsam unde nulla aspernatur magnam iusto. Nulla dolores modi molestias occaecati. Officiis aut recusandae iusto placeat distinctio distinctio laudantium.", "price": "89.45", "wholesale_price": null, "product_supplier": null, "available_on": null, "attributes": "{\"1\": \"1\", \"2\": \"2\"}", "updated_at": "2017-08-15T07:22:52.726Z", "is_featured": true, "low_stock_threshold": 10, "categories": [1]}}, {"model": "product.product", "pk": 5, "fields": {"product_class": 1, "product_tax": null, "name": "Stanley, Brewer and Sullivan", "description": "Tempore fugiat vel numquam error occaecati ut dolor. Sint non qui necessitatibus libero. Earum autem magni odio animi enim accusantium eum nulla. Ducimus non aliquam earum eos.\n\nAliquid saepe sed illum illum dolore. Optio eligendi non nesciunt a. Recusandae eos nostrum quo quaerat distinctio saepe. Ipsum inventore dignissimos porro laborum eveniet qui cum.\n\nEst repellat quas reprehenderit amet. Unde maiores maxime repudiandae suscipit cumque vel maxime. Dolorem facilis eius aut veniam. Quae placeat a placeat eligendi. Nisi velit magnam placeat.\n\nPerferendis corrupti mollitia dolores eius. Odit voluptatibus excepturi veniam commodi quia a debitis distinctio. Optio quia nisi esse suscipit. Explicabo officia ab fugit placeat explicabo facere sapiente nisi.\n\nRem repellat porro qui laboriosam. At dolorem architecto corrupti aperiam. Velit ab cumque esse sit sequi. Doloremque a omnis quis dolor officia incidunt.", "price": "77.16", "wholesale_price": null, "product_supplier": null, "available_on": null, "attributes": "{\"1\": \"1\", \"2\": \"3\"}", "updated_at": "2017-08-15T07:22:52.885Z", "is_featured": false, "low_stock_threshold": 10, "categories": [1]}}, {"model": "product.product", "pk": 6, "fields": {"product_class": 1, "product_tax": null, "name": "Wheeler, Perez and Hood", "description": "Aliquid accusantium non mollitia dolorem iure. Sed voluptate necessitatibus eveniet cumque earum. Sint maiores assumenda omnis. Maxime tempore veritatis illum in.\n\nIpsam ea numquam nesciunt. Voluptates aliquid facilis ut iure rerum. Ratione dolorem blanditiis nam non. Recusandae ad numquam non repellat.\n\nQuo officiis quibusdam nemo vel animi. Repellat ratione doloribus facere quis dicta asperiores. Reprehenderit dolorum dolor reprehenderit rem dolor quam alias eligendi. Corporis quidem tempore eveniet sapiente ullam hic a.\n\nConsequatur id laborum fuga nihil a beatae. Ducimus animi repellat eaque doloribus eligendi. Itaque illum facilis ut officia facilis. Animi delectus eum ipsa totam minus asperiores est.\n\nRecusandae architecto tempore omnis ex facere suscipit dolorum. Placeat deserunt aperiam omnis vel accusantium voluptas possimus. Voluptatem consequuntur quisquam aut quis.", "price": "18.61", "wholesale_price": null, "product_supplier": null, "available_on": null, "attributes": "{\"1\": \"1\", \"2\": \"2\"}", "updated_at": "2017-08-15T07:22:53.051Z", "is_featured": false, "low_stock_threshold": 10, "categories": [1]}}, {"model": "product.product", "pk": 7, "fields": {"product_class": 1, "product_tax": null, "name": "Adams LLC", "description": "Quae reprehenderit voluptatem rem in perferendis. Cupiditate dolorem animi occaecati placeat. Eum cumque exercitationem omnis voluptates aliquam nemo magni modi.\n\nNecessitatibus iste beatae in cumque. Reprehenderit eos ipsum nobis culpa pariatur cum. Atque labore neque nihil temporibus a nesciunt molestiae facere.\n\nNulla ratione repudiandae facere. Facilis doloremque possimus quas quia ex dolor. Quasi quasi at reiciendis blanditiis.\n\nNam architecto vitae magnam. Consectetur provident suscipit quas.\n\nOfficia eum vitae odio ipsam voluptatibus officia. Dolorum itaque nostrum quam. Distinctio maiores itaque expedita ipsam quasi vel.", "price": "87.22", "wholesale_price": null, "product_supplier": null, "available_on": null, "attributes": "{\"1\": \"1\", \"2\": \"3\"}", "updated_at": "2017-08-15T07:22:53.212Z", "is_featured": false, "low_stock_threshold": 10, "categories": [1]}}, {"model": "product.product", "pk": 8, "fields": {"product_class": 1, "product_tax": null, "name": "Clayton-Martinez", "description": "Sit labore quam beatae impedit doloribus placeat. Dolorem autem rerum explicabo reiciendis officiis nostrum. Amet cum ut laborum omnis non qui. Ea recusandae consequatur at animi dignissimos consequatur.\n\nAd similique dolores labore aliquam modi architecto dolore doloribus. Eius quas fugiat sit nihil. Porro tenetur quaerat harum et.\n\nMagnam a cum architecto eligendi ipsam cum recusandae esse. Asperiores ipsa nesciunt impedit vel aliquam.\n\nMolestias delectus numquam adipisci voluptates laudantium ullam eaque libero. Tenetur occaecati fugit voluptatibus enim voluptate voluptates.\n\nIllo facilis explicabo in culpa reiciendis. In reiciendis laudantium quidem neque quidem sequi. Odio consectetur itaque non voluptatibus perspiciatis. Laudantium sed ipsam esse est.", "price": "88.53", "wholesale_price": null, "product_supplier": null, "available_on": null, "attributes": "{\"1\": \"1\", \"2\": \"3\"}", "updated_at": "2017-08-15T07:22:53.368Z", "is_featured": false, "low_stock_threshold": 10, "categories": [1]}}, {"model": "product.product", "pk": 9, "fields": {"product_class": 1, "product_tax": null, "name": "Vaughn, Rodriguez and Moore", "description": "Quibusdam perferendis dicta eligendi similique maiores doloremque quaerat. Hic laudantium hic suscipit totam. Repudiandae molestias laborum blanditiis id doloribus veritatis. Facilis nisi fugiat iure sit consectetur.\n\nEius esse dolorum ducimus harum. Accusantium magni porro dolorum fugit pariatur. Iure modi maiores magnam reiciendis maiores architecto. Quod aut dicta at atque.\n\nNumquam quas beatae porro. Necessitatibus ipsa quo id architecto voluptates quisquam aliquid cupiditate.\n\nUnde tenetur rerum laboriosam ad repudiandae. Rem saepe non doloribus fugiat neque modi aperiam ratione. Rem fugit occaecati maxime ex dolorem nemo.\n\nAliquam optio laborum ex porro quae. Aspernatur libero facilis magni perferendis. Laborum sint maiores commodi odit corrupti maiores nobis.", "price": "58.53", "wholesale_price": null, "product_supplier": null, "available_on": null, "attributes": "{\"1\": \"1\", \"2\": \"3\"}", "updated_at": "2017-08-15T07:22:53.525Z", "is_featured": false, "low_stock_threshold": 10, "categories": [1]}}, {"model": "product.product", "pk": 10, "fields": {"product_class": 1, "product_tax": null, "name": "Robertson, Spencer and Gonzales", "description": "Nam quasi repellat repudiandae eos incidunt dolor alias. Soluta porro assumenda aut totam architecto modi voluptatum. Esse maiores velit eligendi laboriosam. Voluptatibus eaque itaque nesciunt maxime similique placeat aperiam.\n\nEa aspernatur eveniet laudantium explicabo. Quo iste doloremque nihil. Distinctio culpa harum in dolorum libero. Est eum aut nulla eaque porro corrupti iure ipsum. Nam doloremque sapiente sunt facilis magnam sint velit.\n\nOccaecati nisi recusandae dolorem vero distinctio perferendis totam. Ab soluta blanditiis cum a cupiditate molestiae explicabo. Nemo porro laudantium inventore ad.\n\nQuibusdam doloremque voluptates necessitatibus commodi sit natus. Quaerat corporis laboriosam commodi sunt autem quidem. Magni porro nesciunt optio ab laborum consequatur.\n\nMaxime voluptates dolores odio sunt facere reiciendis. Incidunt veniam laborum deserunt ipsam facilis fugiat. Nemo odio et eligendi repellat neque sed est. Iusto quibusdam perspiciatis totam.", "price": "13.90", "wholesale_price": null, "product_supplier": null, "available_on": null, "attributes": "{\"1\": \"1\", \"2\": \"3\"}", "updated_at": "2017-08-15T07:22:53.681Z", "is_featured": true, "low_stock_threshold": 10, "categories": [1]}}, {"model": "product.product", "pk": 11, "fields": {"product_class": 2, "product_tax": null, "name": "Edwards Ltd", "description": "Praesentium autem commodi alias id fugit reiciendis. Aliquam ratione quas temporibus quibusdam vitae voluptatibus. Dicta amet praesentium quos laboriosam aliquam praesentium.\n\nAccusantium nobis veniam laborum. Sequi aut perspiciatis aliquam iste. Non nam eius labore sunt maiores expedita occaecati. Modi optio repellat cum sapiente eaque. Fuga vel ipsum maxime.\n\nAspernatur aliquam sapiente labore error voluptate ipsa porro. Officia veniam harum eaque dicta quia. Quam voluptatibus reprehenderit reiciendis omnis architecto quisquam ea.\n\nPlaceat velit possimus odio aperiam iure necessitatibus assumenda. Sapiente repellendus ad eaque nobis fugit neque exercitationem eveniet. Eveniet inventore id officiis iure temporibus saepe.\n\nQuae tempora eligendi non laboriosam. Odio quisquam eligendi sint itaque nemo debitis alias ipsam.", "price": "57.94", "wholesale_price": null, "product_supplier": null, "available_on": null, "attributes": "{\"1\": \"1\"}", "updated_at": "2017-08-15T07:22:53.823Z", "is_featured": true, "low_stock_threshold": 10, "categories": [2]}}, {"model": "product.product", "pk": 12, "fields": {"product_class": 2, "product_tax": null, "name": "Cardenas and Sons", "description": "Dolor delectus perspiciatis nisi soluta sunt est voluptate. Dignissimos accusantium laboriosam dolores placeat distinctio nesciunt. Asperiores id nihil nam aspernatur adipisci. Similique eius in assumenda omnis.\n\nImpedit tempore ullam magnam neque sit. Corrupti reprehenderit inventore adipisci delectus. Iure repellendus laborum sint neque sint minus nam.\n\nPraesentium exercitationem porro veritatis. Molestiae ad illum debitis voluptatibus possimus nisi aperiam. Perferendis provident omnis eveniet.\n\nMaxime ducimus sit repellendus aliquid ducimus. Amet minima accusamus doloribus labore voluptatum. Error voluptatum autem beatae quibusdam error.\n\nMaiores iusto reprehenderit accusantium excepturi sunt amet natus rem. Incidunt vitae magnam vitae est fugiat quisquam inventore. Et laborum nulla facilis. Incidunt quas natus eveniet occaecati enim.", "price": "79.60", "wholesale_price": null, "product_supplier": null, "available_on": null, "attributes": "{\"1\": \"1\"}", "updated_at": "2017-08-15T07:22:53.924Z", "is_featured": true, "low_stock_threshold": 10, "categories": [2]}}, {"model": "product.product", "pk": 13, "fields": {"product_class": 2, "product_tax": null, "name": "Lowe and Sons", "description": "Eos atque omnis architecto at. Tempora maxime ea facere repellat. Debitis fuga totam unde doloremque consectetur expedita. Quod occaecati minima cum fugit quos dicta numquam.\n\nEarum iste quia neque dolorum vel neque. Quisquam tempore in officia illum rem id amet voluptate. Officia consequuntur veritatis accusamus a. Adipisci quaerat saepe laudantium illum cupiditate incidunt.\n\nAd labore minus nisi nulla quae voluptatem architecto. Nihil numquam pariatur occaecati voluptate distinctio iste quas nostrum. Doloribus veniam enim repellendus fuga.\n\nPerferendis molestiae nisi id voluptates. Maxime officia doloribus inventore quae eos optio ipsa mollitia. Ipsam voluptas vel debitis vitae eligendi laborum eligendi. Cumque quidem qui delectus debitis in ab quasi. Quia hic minus doloremque est.\n\nTenetur numquam reprehenderit repellendus recusandae itaque asperiores ipsa. Exercitationem suscipit accusantium quod maxime cupiditate fugiat. Corrupti optio error aperiam consectetur. Molestiae asperiores ex veniam adipisci repellendus.", "price": "50.48", "wholesale_price": null, "product_supplier": null, "available_on": null, "attributes": "{\"1\": \"1\"}", "updated_at": "2017-08-15T07:22:54.013Z", "is_featured": false, "low_stock_threshold": 10, "categories": [2]}}, {"model": "product.product", "pk": 14, "fields": {"product_class": 2, "product_tax": null, "name": "Shelton PLC", "description": "Itaque blanditiis excepturi mollitia quis a recusandae. Placeat aliquam ab quibusdam voluptate. Dicta repellat natus eligendi ea eum neque quod exercitationem. Modi deserunt provident dolorem magnam perspiciatis voluptas.\n\nA a hic sunt dicta odit saepe quaerat. Magnam libero voluptatum veritatis iste facere. Repudiandae soluta deserunt quo. Architecto fugit vitae ut. Ipsum sunt excepturi neque molestias.\n\nError minima dolore illum quod. Itaque animi assumenda quo rem eligendi. Ab ut dolorem officia consequuntur. Laudantium tempore tenetur quibusdam eveniet doloribus quibusdam.\n\nMaiores ipsum saepe doloremque aperiam voluptatibus. Ex cupiditate reprehenderit ex neque omnis. Dicta dolore laboriosam laboriosam sed pariatur error corporis.\n\nEius non nulla minus tenetur vitae. Illo itaque ab ab nesciunt. Aliquam nostrum labore consequuntur totam cupiditate excepturi quasi. Dolores unde tenetur repellendus iste nemo ipsum reprehenderit.", "price": "71.86", "wholesale_price": null, "product_supplier": null, "available_on": null, "attributes": "{\"1\": \"1\"}", "updated_at": "2017-08-15T07:22:54.079Z", "is_featured": false, "low_stock_threshold": 10, "categories": [2]}}, {"model": "product.product", "pk": 15, "fields": {"product_class": 2, "product_tax": null, "name": "Rodriguez, Proctor and Rodriguez", "description": "Numquam recusandae veritatis ducimus culpa voluptatem. Esse in dolorum expedita quod labore dolore aperiam. Error ex est assumenda eum reiciendis ducimus nobis. Tenetur odio minima maiores aspernatur.\n\nHic animi quis ratione sit explicabo. Consectetur accusantium numquam fugiat veritatis qui. Autem aut beatae eum veniam sapiente.\n\nSequi non placeat repudiandae blanditiis dolorem aliquam veniam illo. Eum odio voluptates tempora quaerat. Iusto voluptate reprehenderit distinctio quo ipsum in.\n\nDolores natus ratione saepe nemo libero omnis. Minima deleniti nihil ex reprehenderit architecto. Numquam sint reiciendis assumenda.\n\nModi quibusdam enim temporibus accusantium. Hic non tempora debitis laborum cupiditate itaque hic accusantium. Aliquid nemo labore at impedit sit. Eum quibusdam fuga accusamus est beatae porro officia.", "price": "46.52", "wholesale_price": null, "product_supplier": null, "available_on": null, "attributes": "{\"1\": \"1\"}", "updated_at": "2017-08-15T07:22:54.160Z", "is_featured": false, "low_stock_threshold": 10, "categories": [2]}}, {"model": "product.product", "pk": 16, "fields": {"product_class": 2, "product_tax": null, "name": "Kirby, Ward and Roman", "description": "Ullam tenetur excepturi adipisci reiciendis facilis labore culpa. Officiis commodi atque suscipit explicabo fugiat voluptate nam. Ex dolorem nulla molestias quos ad.\n\nMolestiae aperiam dolorum iste error. Assumenda molestias expedita perferendis. Numquam eaque aliquam a consequuntur.\n\nVelit minima commodi libero ipsam iure vel occaecati. Error adipisci eligendi aliquam voluptatem aspernatur at. Tempore sit perspiciatis dignissimos eaque ex accusamus. Aliquid sequi nisi voluptas itaque.\n\nPerspiciatis officia hic occaecati labore laborum excepturi. Non fuga quis fugiat ullam consequuntur illo cumque sit. Dolorum dolores eligendi explicabo quisquam dolore.\n\nRerum numquam minima doloremque voluptatibus ratione illo voluptatum. Fugit architecto sit repudiandae explicabo. Mollitia aperiam asperiores facilis repellat expedita. Deleniti perferendis aspernatur autem labore. Eos dolorem maxime quaerat dolores eligendi cupiditate repellendus vel.", "price": "25.52", "wholesale_price": null, "product_supplier": null, "available_on": null, "attributes": "{\"1\": \"1\"}", "updated_at": "2017-08-15T07:22:54.261Z", "is_featured": true, "low_stock_threshold": 10, "categories": [2]}}, {"model": "product.product", "pk": 17, "fields": {"product_class": 2, "product_tax": null, "name": "West-Smith", "description": "Dolorum provident dolores enim. Tenetur ad sit voluptatibus fugit dolor. Excepturi repellat error cupiditate ipsam pariatur. Voluptatum repellendus quibusdam quas esse dolore incidunt praesentium.\n\nSit dicta magnam incidunt beatae. Consequuntur reiciendis accusamus esse occaecati in quaerat. Quasi ipsum praesentium a esse. Quae earum veniam est earum repellat velit.\n\nAperiam exercitationem delectus quidem commodi fuga praesentium ratione magni. Placeat porro aliquam inventore eum recusandae. Alias delectus praesentium corporis et porro quo.\n\nEligendi quaerat optio quisquam totam. Consequatur sequi eius natus quis praesentium repellat id. Natus eligendi fuga neque. Labore hic animi rem praesentium.\n\nAb sequi iusto consectetur quas ea impedit quae. Dolorum porro placeat adipisci. Culpa mollitia laborum sunt pariatur iure quibusdam commodi fuga. Facere delectus repellat nisi.", "price": "66.31", "wholesale_price": null, "product_supplier": null, "available_on": null, "attributes": "{\"1\": \"1\"}", "updated_at": "2017-08-15T07:22:54.347Z", "is_featured": false, "low_stock_threshold": 10, "categories": [2]}}, {"model": "product.product", "pk": 18, "fields": {"product_class": 2, "product_tax": null, "name": "Park, Perez and Cook", "description": "Ad illo nam ullam quae quo sint beatae. Accusamus labore quidem suscipit incidunt dolorum. Saepe exercitationem dolore ipsum voluptatum repudiandae.\n\nVeniam mollitia ab ad saepe soluta enim excepturi nesciunt. Assumenda dolores fuga qui perspiciatis labore. Esse sed totam quam animi error odio.\n\nNatus excepturi omnis tenetur mollitia sequi sapiente dolor. Tenetur magni necessitatibus quod cumque reiciendis. Amet magnam odit totam labore accusantium a.\n\nFacilis veniam aut a deserunt. Accusamus illo error est eveniet dolorum unde. Eligendi et ipsa odit omnis quaerat cumque nemo officia. Iusto corrupti sunt nostrum earum voluptate veritatis amet.\n\nOccaecati dolor corporis quia reprehenderit voluptates molestiae voluptate. Cumque non excepturi quam ratione doloribus. Eveniet cumque nostrum quos.", "price": "96.81", "wholesale_price": null, "product_supplier": null, "available_on": null, "attributes": "{\"1\": \"1\"}", "updated_at": "2017-08-15T07:22:54.427Z", "is_featured": false, "low_stock_threshold": 10, "categories": [2]}}, {"model": "product.product", "pk": 19, "fields": {"product_class": 2, "product_tax": null, "name": "Stevens Inc", "description": "Officiis quibusdam asperiores repudiandae molestiae. Libero vero at nesciunt cupiditate dolorem facilis dolore. Repudiandae cupiditate assumenda minima eligendi odio architecto nulla. Sit labore quasi iusto nobis commodi facere.\n\nVitae accusantium laudantium a ipsam explicabo nihil. Dignissimos eius quasi odit facere. At blanditiis incidunt quisquam aut deleniti nihil aspernatur. Repudiandae quibusdam magnam ipsum eveniet dolor possimus suscipit provident.\n\nUnde animi ab quidem tenetur recusandae. Sequi reprehenderit nesciunt officia quia at laudantium. Veritatis enim vitae doloremque. Reiciendis eligendi placeat eligendi quae odio eligendi dolorum illo.\n\nDoloremque dolor dolorem at iure quos quidem possimus. Labore dignissimos cumque aperiam laudantium sint.\n\nOfficiis illo omnis alias assumenda dolorum laborum. Neque atque blanditiis cum tenetur molestiae natus maxime.", "price": "43.31", "wholesale_price": null, "product_supplier": null, "available_on": null, "attributes": "{\"1\": \"1\"}", "updated_at": "2017-08-15T07:22:54.512Z", "is_featured": false, "low_stock_threshold": 10, "categories": [2]}}, {"model": "product.product", "pk": 20, "fields": {"product_class": 2, "product_tax": null, "name": "Wilson-Nolan", "description": "Eos doloremque adipisci mollitia nulla. Aliquam dolorem sed atque quod nisi optio. Iure modi cum illum aspernatur qui itaque. Voluptates quas vero ipsam porro.\n\nVoluptas accusantium officiis quia vitae ullam quisquam cupiditate incidunt. Exercitationem harum tempora eum. Eos praesentium reiciendis pariatur veniam aperiam cumque distinctio. Id aliquam aliquam vel minima fuga consectetur.\n\nRepellendus sed a ut et. A error temporibus asperiores occaecati delectus incidunt optio. Libero odio nesciunt sunt.\n\nOmnis mollitia harum et facilis a sed. Libero vero repellat blanditiis dolor accusamus dicta. Quo dolorum itaque natus odio sequi. Nemo modi eveniet doloribus possimus nemo possimus ad.\n\nConsequuntur distinctio totam ipsum. Officia veniam exercitationem officia perferendis praesentium aperiam. Voluptatibus debitis tenetur porro consequatur.", "price": "82.95", "wholesale_price": null, "product_supplier": null, "available_on": null, "attributes": "{\"1\": \"1\"}", "updated_at": "2017-08-15T07:22:54.625Z", "is_featured": false, "low_stock_threshold": 10, "categories": [2]}}, {"model": "product.product", "pk": 21, "fields": {"product_class": 3, "product_tax": null, "name": "Solis PLC", "description": "Inventore expedita dolore placeat placeat optio. Eum beatae modi voluptatem repudiandae magni dolorem. Quibusdam quidem facilis saepe perspiciatis necessitatibus.\n\nDistinctio aut numquam asperiores dolores quod debitis quis. Ex autem libero hic molestias beatae culpa saepe. Harum ullam necessitatibus amet assumenda harum quo nisi. Possimus tempore ea delectus ut aliquam.\n\nAlias pariatur esse dolor provident amet quae odio delectus. Hic amet voluptatum voluptates eaque. Optio eum rem ad error debitis aliquid repellendus.\n\nRepudiandae sequi natus ipsam corporis. Pariatur similique dolorem pariatur similique. Soluta molestias nisi dicta harum.\n\nRepudiandae exercitationem sapiente nam aperiam. Soluta quae in incidunt facilis dignissimos voluptatibus. Temporibus culpa tempore veniam reprehenderit aliquid. Mollitia autem aspernatur quam deleniti voluptatem excepturi illum.", "price": "71.64", "wholesale_price": null, "product_supplier": null, "available_on": null, "attributes": "{\"1\": \"1\", \"4\": \"9\"}", "updated_at": "2017-08-15T07:22:54.711Z", "is_featured": false, "low_stock_threshold": 10, "categories": [1]}}, {"model": "product.product", "pk": 22, "fields": {"product_class": 3, "product_tax": null, "name": "Martin, Fowler and Choi", "description": "Quo perspiciatis maiores optio iure. Repellat odio delectus hic voluptatibus neque. Veritatis dolores ipsum fugit officia sint neque sapiente. Quaerat recusandae deleniti ratione vitae.\n\nCumque ut eligendi aut eius fugiat. Sunt dolores accusamus deserunt assumenda. Voluptas suscipit corporis officiis maxime labore alias delectus. Culpa molestias occaecati laboriosam totam sunt eos.\n\nDolorum deleniti molestias illum facere corrupti ad. Est eaque id dignissimos fugit ullam sit iusto enim. Animi earum cum similique ea odio laborum ullam veritatis.\n\nDolorum temporibus tempore reprehenderit unde. Corporis molestias minus similique eum ratione. Illo ea vel unde facilis necessitatibus vero illum provident.\n\nAsperiores ut ducimus provident voluptate quo saepe. Sunt ipsa quaerat amet ab animi totam sequi. Cum nihil occaecati sed. Reprehenderit deserunt velit numquam dolorum sunt distinctio.", "price": "14.10", "wholesale_price": null, "product_supplier": null, "available_on": null, "attributes": "{\"1\": \"1\", \"4\": \"9\"}", "updated_at": "2017-08-15T07:22:54.893Z", "is_featured": false, "low_stock_threshold": 10, "categories": [1]}}, {"model": "product.product", "pk": 23, "fields": {"product_class": 3, "product_tax": null, "name": "Brown LLC", "description": "Dolore quidem placeat modi doloremque. Officia sapiente voluptas error velit officiis. Cumque blanditiis recusandae cupiditate reprehenderit.\n\nSunt accusamus itaque amet doloremque quis illo. Quae possimus aperiam doloribus error modi mollitia natus. Fugiat recusandae culpa magnam rerum quia quam dicta. Vero nam fugiat quasi porro quas cum. Nobis incidunt mollitia quis quibusdam.\n\nMaiores voluptatem nisi ducimus dolores illo eaque. Odit odio necessitatibus iusto blanditiis quaerat in temporibus. Vero cum consequuntur ut quam repellat tenetur fugit autem.\n\nQuidem possimus facilis quis unde quasi nihil possimus. A eveniet explicabo nesciunt nostrum. Nisi eligendi provident ad tenetur minima aperiam fugit officia. Similique numquam ipsa sed quae doloribus laudantium similique ab.\n\nEx aspernatur rem voluptate dicta perspiciatis. Magnam hic sequi earum voluptas. Repellat saepe eos ut dicta assumenda distinctio repellendus.", "price": "27.90", "wholesale_price": null, "product_supplier": null, "available_on": null, "attributes": "{\"1\": \"1\", \"4\": \"8\"}", "updated_at": "2017-08-15T07:22:55.032Z", "is_featured": false, "low_stock_threshold": 10, "categories": [1]}}, {"model": "product.product", "pk": 24, "fields": {"product_class": 3, "product_tax": null, "name": "Johnson, Aguilar and Stanley", "description": "Neque a facere autem molestias non voluptate. Aut atque facere nihil rerum vero veniam magnam. Dolor molestiae nisi rem modi consequuntur nihil nulla.\n\nDicta hic illum eligendi temporibus cumque deleniti. Reprehenderit neque saepe in tempore. Autem animi cum quisquam.\n\nEnim minima dignissimos dolores harum placeat minima dicta. Ipsum perspiciatis tempora cumque aperiam dignissimos harum saepe. Accusantium ad voluptatibus consequuntur iusto alias facere.\n\nInventore illo sint dolor at veritatis. Iste nulla ullam provident aliquam id. Tempora veniam error sapiente ad suscipit inventore molestiae.\n\nOfficia rerum et neque labore est. Rem magnam numquam consequuntur. Sit laudantium nemo eligendi. Quod perspiciatis perferendis sequi sit impedit necessitatibus at.", "price": "23.60", "wholesale_price": null, "product_supplier": null, "available_on": null, "attributes": "{\"1\": \"1\", \"4\": \"8\"}", "updated_at": "2017-08-15T07:22:55.179Z", "is_featured": false, "low_stock_threshold": 10, "categories": [1]}}, {"model": "product.product", "pk": 25, "fields": {"product_class": 3, "product_tax": null, "name": "Francis-Perry", "description": "Laboriosam voluptas repellendus corrupti ipsam. Facilis quam reiciendis quidem ad sapiente. Ducimus voluptatibus totam repellat doloremque officiis saepe dolores.\n\nImpedit fuga expedita facere fugiat nesciunt ipsum recusandae maiores. Sapiente commodi quidem possimus fugit impedit ea. Nesciunt nemo ut repellat voluptatibus ea.\n\nNobis libero nobis iusto. Cum sapiente pariatur repellat molestiae. Deserunt libero a et dicta voluptatum. Libero deleniti magnam eligendi sit nihil quasi.\n\nSimilique iure eligendi asperiores. Dolore amet pariatur aspernatur pariatur laudantium quasi accusamus. Officiis tempora omnis voluptas atque.\n\nSuscipit repellat quos quos omnis inventore nesciunt. Soluta dolorum sed excepturi illo sit fuga voluptates debitis. Nihil doloribus ab explicabo eaque ipsa quisquam voluptatibus.", "price": "50.66", "wholesale_price": null, "product_supplier": null, "available_on": null, "attributes": "{\"1\": \"1\", \"4\": \"9\"}", "updated_at": "2017-08-15T07:22:55.290Z", "is_featured": true, "low_stock_threshold": 10, "categories": [1]}}, {"model": "product.product", "pk": 26, "fields": {"product_class": 3, "product_tax": null, "name": "Edwards-Wilson", "description": "Saepe eos iste esse quis. Quisquam amet consectetur et voluptatum atque voluptatibus exercitationem. Ab optio in minus perspiciatis atque minima.\n\nBlanditiis repellendus accusantium vel adipisci nesciunt. Minima corrupti eaque omnis ab quam temporibus. Nobis eos placeat dignissimos fugiat.\n\nConsectetur nisi ipsum consequatur nisi. Minima perspiciatis assumenda porro non. Saepe nulla dolorum non quis inventore reprehenderit ullam quisquam. Officiis assumenda animi necessitatibus non voluptate quisquam.\n\nEos voluptas quis nihil a similique. Sunt amet inventore laudantium aspernatur. At ab voluptates necessitatibus hic officiis numquam rerum.\n\nTemporibus exercitationem repudiandae quasi recusandae. Sed cupiditate repellat odit repudiandae aspernatur ipsam.", "price": "77.72", "wholesale_price": null, "product_supplier": null, "available_on": null, "attributes": "{\"1\": \"1\", \"4\": \"9\"}", "updated_at": "2017-08-15T07:22:55.412Z", "is_featured": false, "low_stock_threshold": 10, "categories": [1]}}, {"model": "product.product", "pk": 27, "fields": {"product_class": 3, "product_tax": null, "name": "Adams LLC", "description": "Occaecati omnis iusto nostrum temporibus temporibus perferendis. Labore pariatur sequi delectus nam nobis sit. Explicabo quis nemo culpa laborum velit.\n\nRerum quae accusantium illum debitis quasi eveniet possimus. Blanditiis reprehenderit laudantium fuga cupiditate. Nostrum ullam nulla eius laborum adipisci aut.\n\nNisi quia magni sapiente quasi veritatis. Placeat itaque fugiat perspiciatis ab reprehenderit eum cupiditate eveniet. Similique ipsa rem quidem quasi. Veniam accusamus asperiores enim aliquid facilis velit.\n\nMagni deleniti suscipit consequuntur rerum veniam veritatis. Voluptas eligendi voluptas ipsa vitae voluptas perferendis voluptatibus odit. Alias id modi molestiae porro architecto illo ipsa.\n\nSequi quod tempore sapiente suscipit natus enim. Optio optio qui exercitationem minus. Ducimus delectus ipsum facere accusamus dignissimos laudantium incidunt.", "price": "58.28", "wholesale_price": null, "product_supplier": null, "available_on": null, "attributes": "{\"1\": \"1\", \"4\": \"8\"}", "updated_at": "2017-08-15T07:22:55.544Z", "is_featured": true, "low_stock_threshold": 10, "categories": [1]}}, {"model": "product.product", "pk": 28, "fields": {"product_class": 3, "product_tax": null, "name": "Bradley Inc", "description": "Perferendis maxime repudiandae debitis enim. Sit ut hic aliquid suscipit dolor error iste. Perspiciatis rem odio magnam corrupti itaque vel eum. Omnis nemo reiciendis voluptatibus explicabo impedit libero.\n\nVoluptatem ipsum suscipit molestiae eum recusandae praesentium a eaque. Dolores quos dignissimos nostrum harum laboriosam nulla excepturi laudantium. Vel quae reiciendis optio sit ex optio.\n\nConsequuntur molestiae saepe inventore culpa rerum. Nihil soluta corrupti debitis consequuntur expedita dolore.\n\nNam optio eum quidem temporibus. Recusandae odio debitis consequuntur quaerat laudantium quo saepe. Ad architecto perferendis magni modi voluptas dolores at. Velit distinctio suscipit error.\n\nEius minus esse expedita laudantium tempora ipsa nisi. Eum aspernatur dolor voluptatum assumenda. Placeat ea quidem optio odio ipsa maiores ipsum neque. Deleniti quod animi voluptatum animi ducimus.", "price": "59.90", "wholesale_price": null, "product_supplier": null, "available_on": null, "attributes": "{\"1\": \"1\", \"4\": \"9\"}", "updated_at": "2017-08-15T07:22:55.688Z", "is_featured": true, "low_stock_threshold": 10, "categories": [1]}}, {"model": "product.product", "pk": 29, "fields": {"product_class": 3, "product_tax": null, "name": "Heath Group", "description": "Qui nisi sunt facere amet beatae. Nisi accusamus inventore magni incidunt occaecati cupiditate. Facere delectus est ipsam rerum consequuntur accusamus. Consequatur aut est reiciendis exercitationem rerum. Esse error cumque beatae esse reiciendis.\n\nMolestias modi earum labore mollitia id dolorem. Dolores quae corrupti laudantium excepturi officia modi officia consectetur. Odio rerum natus modi consequuntur. Nesciunt possimus cum saepe.\n\nError distinctio quo perferendis magni quaerat rerum enim. Tempore animi aperiam accusantium veritatis. Voluptate eveniet repellendus natus provident in suscipit. Aperiam ipsum repellendus alias.\n\nDolore soluta provident est aspernatur. Soluta rerum in ullam maiores provident id. Atque hic vero voluptates laboriosam tempora ex. Laborum laborum dolor beatae iusto reiciendis impedit.\n\nSoluta asperiores nostrum maiores reiciendis esse culpa commodi nesciunt. Labore dignissimos odio commodi dolorum possimus. Quas et laboriosam consequatur facere quisquam. Fugit laborum odit vitae dolor eos.", "price": "9.86", "wholesale_price": null, "product_supplier": null, "available_on": null, "attributes": "{\"1\": \"1\", \"4\": \"9\"}", "updated_at": "2017-08-15T07:22:55.844Z", "is_featured": false, "low_stock_threshold": 10, "categories": [1]}}, {"model": "product.product", "pk": 30, "fields": {"product_class": 3, "product_tax": null, "name": "Fuentes-Walker", "description": "Hic ea optio nostrum pariatur ut blanditiis. Aut dolore consequatur natus debitis. Tempore dicta dolorum aliquam eaque nesciunt atque.\n\nNobis laboriosam tempora deleniti quis minima distinctio consequatur. Dolore repellat quasi dolores provident quis ad voluptatem. Laudantium quos eligendi pariatur ad recusandae animi quo vel. Labore vel facilis incidunt est enim fuga. Velit qui iusto exercitationem commodi adipisci dignissimos.\n\nNobis eius natus facere. Vitae totam sunt perspiciatis eaque sint exercitationem perferendis quia. Nesciunt sit atque enim occaecati reprehenderit qui. Dolorem alias cupiditate commodi molestiae quidem.\n\nEt quo eos architecto facere facilis quibusdam aliquam. Possimus non fuga libero. Non dolorum reprehenderit eos blanditiis molestiae nulla autem enim. Possimus nisi autem quia odit mollitia saepe illum.\n\nTempora perferendis dicta corporis quidem pariatur architecto. Rem ex dolores deserunt tempora rerum alias. Assumenda aliquid sit iusto quia asperiores. Non atque nihil deserunt eius ea beatae ratione.", "price": "10.65", "wholesale_price": null, "product_supplier": null, "available_on": null, "attributes": "{\"1\": \"1\", \"4\": \"8\"}", "updated_at": "2017-08-15T07:22:56.284Z", "is_featured": false, "low_stock_threshold": 10, "categories": [1]}}, {"model": "product.product", "pk": 31, "fields": {"product_class": 4, "product_tax": null, "name": "Hardin, Stephenson and Dunn", "description": "Veniam aliquid explicabo quaerat accusantium magnam hic expedita. Corporis animi dignissimos rerum veniam aspernatur et hic. Aut dolorem maxime expedita modi ipsum. Tempore cum cum hic sed modi voluptate architecto.\n\nSimilique ad ipsam totam quia commodi. Tenetur assumenda saepe earum rerum error nostrum. Similique culpa aliquid error distinctio repudiandae vitae eligendi. Officiis similique dolore quia voluptatem natus quasi.\n\nError quaerat dicta soluta impedit sint atque repudiandae. Vel ad vero ex. Minima exercitationem fugiat ipsa temporibus corrupti. Odio accusamus reprehenderit porro facere quia.\n\nNemo sit libero iusto nesciunt nisi provident natus exercitationem. Quibusdam provident ullam unde consectetur. Explicabo voluptatem numquam pariatur doloremque saepe eos iusto.\n\nSoluta cupiditate illo accusamus corporis sit veniam quas. Et saepe impedit explicabo nisi quidem asperiores quod.", "price": "32.36", "wholesale_price": null, "product_supplier": null, "available_on": null, "attributes": "{\"1\": \"1\", \"7\": \"15\", \"6\": \"14\"}", "updated_at": "2017-08-15T07:22:56.468Z", "is_featured": false, "low_stock_threshold": 10, "categories": [3]}}, {"model": "product.product", "pk": 32, "fields": {"product_class": 4, "product_tax": null, "name": "Martinez Inc", "description": "Similique deleniti ad quidem distinctio architecto eveniet vel sint. Corrupti nihil vero nostrum cumque ex ab maxime. Nesciunt sed adipisci similique tempore. Nostrum consequatur error ullam autem.\n\nExpedita impedit eos ad. Architecto quae atque atque perspiciatis facilis quasi. At numquam maxime veniam doloremque assumenda nam.\n\nRepellat provident voluptatum vel sed dignissimos. Repudiandae dignissimos incidunt sunt provident dolor. Earum ab aut occaecati aliquam fuga.\n\nImpedit id corporis quam officia enim. Vero totam saepe unde id illo autem. Libero nam neque incidunt nobis. Illum dignissimos illum suscipit.\n\nTempora nemo quasi minus dolor dignissimos dicta soluta perspiciatis. Voluptatem neque odit iusto voluptates nihil. Distinctio modi amet neque hic quasi.", "price": "58.92", "wholesale_price": null, "product_supplier": null, "available_on": null, "attributes": "{\"1\": \"1\", \"7\": \"15\", \"6\": \"13\"}", "updated_at": "2017-08-15T07:22:56.665Z", "is_featured": false, "low_stock_threshold": 10, "categories": [3]}}, {"model": "product.product", "pk": 33, "fields": {"product_class": 4, "product_tax": null, "name": "Baker-Chapman", "description": "Error atque voluptas repellendus soluta nam porro itaque. Doloremque quibusdam dolorum libero architecto.\n\nAb illum itaque nesciunt unde quisquam quam. Est nihil sint amet dolores voluptas molestias. Nobis a accusamus similique. Ullam quis inventore nihil et enim velit nam.\n\nSapiente perspiciatis nobis esse ex nam placeat magnam. Esse minima eaque aut voluptatibus. Saepe harum impedit sed esse cumque. Voluptates qui sed consequuntur sapiente.\n\nFugiat amet animi error. Tempore commodi enim quasi aliquam veniam praesentium doloremque. Odio saepe quibusdam iure. Ea quod libero rem dolores error.\n\nConsequuntur quia commodi quae eos. Aperiam eius quisquam nihil soluta at laudantium. Occaecati distinctio nesciunt deleniti. At libero deserunt vel recusandae.", "price": "14.98", "wholesale_price": null, "product_supplier": null, "available_on": null, "attributes": "{\"1\": \"1\", \"7\": \"17\", \"6\": \"13\"}", "updated_at": "2017-08-15T07:22:56.878Z", "is_featured": false, "low_stock_threshold": 10, "categories": [3]}}, {"model": "product.product", "pk": 34, "fields": {"product_class": 4, "product_tax": null, "name": "Lynch Ltd", "description": "Explicabo molestiae dicta eligendi officia. Qui ratione dicta qui repellat labore. Perspiciatis autem rerum unde fugiat natus.\n\nMinus rem cum sunt aliquid odit eius quas. Inventore corrupti perferendis harum harum soluta. Beatae tempora ducimus assumenda. Sapiente repellat eius illum animi odit. Saepe at fuga iusto explicabo.\n\nQui nulla occaecati quasi nobis ipsa officiis iusto sit. Eaque repellendus assumenda iure similique. Voluptate quaerat ad perspiciatis quae eligendi. Aut tempore unde occaecati in.\n\nIn harum est nihil perferendis. Maiores expedita ea asperiores veniam. Magnam sapiente nam ipsa beatae laudantium quasi culpa blanditiis. Tempora similique minus veniam quae.\n\nTotam a quam mollitia placeat quae. Dolores dolorum eos et. In velit laboriosam deleniti ad atque perspiciatis harum asperiores.", "price": "98.29", "wholesale_price": null, "product_supplier": null, "available_on": null, "attributes": "{\"1\": \"1\", \"7\": \"17\", \"6\": \"13\"}", "updated_at": "2017-08-15T07:22:57.063Z", "is_featured": true, "low_stock_threshold": 10, "categories": [3]}}, {"model": "product.product", "pk": 35, "fields": {"product_class": 4, "product_tax": null, "name": "Jenkins-Riggs", "description": "Est harum quaerat aliquam architecto quidem esse. Ipsa maxime asperiores consectetur. A blanditiis ducimus tempora ex explicabo expedita ipsam.\n\nDolore nobis labore minus accusantium saepe. Molestiae nostrum nihil mollitia ut placeat vero. Repudiandae autem consectetur voluptas rerum debitis. Blanditiis velit repellat explicabo corrupti earum mollitia autem aperiam. Id minima eligendi illo numquam esse esse eius.\n\nDicta laboriosam corrupti occaecati voluptate quae. Deleniti molestiae odit harum eaque veritatis. Voluptatum odio accusamus repudiandae nisi libero veniam saepe rem.\n\nSunt illum repudiandae exercitationem voluptatibus. Repellendus consequuntur dolores suscipit placeat qui odio dolorem. Veniam ad dolore dolorem laboriosam eligendi occaecati. Magnam nam nihil doloremque nobis architecto reprehenderit dolores.\n\nTempora vel adipisci delectus perspiciatis velit. Cumque eius nam nam pariatur minus vitae labore.", "price": "59.96", "wholesale_price": null, "product_supplier": null, "available_on": null, "attributes": "{\"1\": \"1\", \"7\": \"15\", \"6\": \"13\"}", "updated_at": "2017-08-15T07:22:57.253Z", "is_featured": false, "low_stock_threshold": 10, "categories": [3]}}, {"model": "product.product", "pk": 36, "fields": {"product_class": 4, "product_tax": null, "name": "Martin-Blevins", "description": "Impedit dignissimos pariatur dicta quaerat deleniti nemo distinctio. Ipsa quam accusantium voluptate soluta ad quod dolores voluptatum. Dignissimos repudiandae officia dolor iusto ex maxime nulla eaque.\n\nNumquam inventore officiis magnam nemo repellat cum. Sapiente deserunt iusto voluptates dolor vero ullam. Tempora sint ut veniam autem. Error minus vitae quas consectetur.\n\nAlias vero similique corrupti voluptates. Quod molestiae cupiditate unde eos sequi. Culpa debitis vitae natus fugit quisquam. Fugit atque et numquam enim sit. Saepe molestiae perspiciatis id molestiae quidem nostrum.\n\nUnde perspiciatis autem eligendi perspiciatis temporibus aut delectus. A voluptatem at debitis laborum. Ab itaque laborum ipsa corrupti.\n\nOdit natus cupiditate dolore. Ad harum aliquam iste veniam eligendi sed. Quisquam officiis occaecati corrupti.", "price": "5.82", "wholesale_price": null, "product_supplier": null, "available_on": null, "attributes": "{\"1\": \"1\", \"7\": \"15\", \"6\": \"13\"}", "updated_at": "2017-08-15T07:22:57.475Z", "is_featured": false, "low_stock_threshold": 10, "categories": [3]}}, {"model": "product.product", "pk": 37, "fields": {"product_class": 4, "product_tax": null, "name": "Murphy and Sons", "description": "Sunt ullam recusandae sunt vitae odit. Debitis architecto rem fugit consequatur ipsam aut. Deleniti dolor voluptatibus nulla fugiat consectetur dolores. Quaerat eveniet architecto possimus provident delectus illum sapiente numquam.\n\nDeleniti magnam placeat placeat iusto voluptatum repellat laudantium. Modi suscipit perferendis soluta cupiditate quis. Unde distinctio cupiditate nulla rem.\n\nNemo quod labore at pariatur ipsam quo. Ipsa alias id est quae. Voluptas doloremque ratione vitae omnis rem voluptate odio.\n\nQuasi laboriosam necessitatibus quaerat eius. Optio aut quas sapiente saepe non soluta. A minima tempore rerum at dolor. Nemo totam nesciunt architecto.\n\nAd ea quia ratione officiis ex laboriosam accusantium dolorem. Repudiandae minus ipsam cupiditate at. Voluptatibus expedita accusamus voluptatem. Fuga iste molestiae cum optio earum vel.", "price": "7.51", "wholesale_price": null, "product_supplier": null, "available_on": null, "attributes": "{\"1\": \"1\", \"7\": \"17\", \"6\": \"14\"}", "updated_at": "2017-08-15T07:22:57.664Z", "is_featured": false, "low_stock_threshold": 10, "categories": [3]}}, {"model": "product.product", "pk": 38, "fields": {"product_class": 4, "product_tax": null, "name": "Dillon-Rivera", "description": "Dicta tempore id beatae ipsam. Architecto illum blanditiis quia sed voluptates laboriosam qui. Voluptatum consequuntur magni incidunt velit error. Ab voluptate delectus earum inventore autem.\n\nDebitis deleniti quasi praesentium quisquam necessitatibus odio velit. Beatae minima dolore quas consequuntur. Laboriosam facilis hic optio nesciunt voluptate natus.\n\nVoluptates odio illum quam cupiditate. Vero vitae voluptas distinctio doloribus. Asperiores dolorum modi asperiores totam quidem odio. Minus consequuntur cum quae animi harum laudantium.\n\nDelectus totam atque debitis consequatur dolorum. Quae neque inventore temporibus cumque dolorem aliquam molestias. Possimus et facilis quam modi totam molestiae aliquam.\n\nTempora sapiente odit nisi iste eius. Iure incidunt asperiores maxime quas iusto adipisci. Libero minima veritatis alias fuga occaecati vitae. Eaque excepturi soluta dolorum mollitia et.", "price": "38.94", "wholesale_price": null, "product_supplier": null, "available_on": null, "attributes": "{\"1\": \"1\", \"7\": \"15\", \"6\": \"13\"}", "updated_at": "2017-08-15T07:22:57.854Z", "is_featured": false, "low_stock_threshold": 10, "categories": [3]}}, {"model": "product.product", "pk": 39, "fields": {"product_class": 4, "product_tax": null, "name": "Holland-Avery", "description": "Non aut enim consectetur numquam dicta dicta. Repellendus doloribus totam totam illum dolores. Aut ad voluptatibus eos rerum eveniet unde dolor corporis. Delectus quas a alias.\n\nDolorum amet quisquam culpa exercitationem eaque. Perspiciatis sequi voluptatibus ad quia quas tempore vitae. Nostrum sed esse corporis blanditiis explicabo.\n\nBeatae vitae reiciendis quidem deleniti eum numquam consequatur. Facere officiis reprehenderit sit eos expedita consequatur ad. Odit cupiditate a placeat.\n\nEnim tenetur harum at eveniet deleniti asperiores ullam. Dicta nesciunt accusamus amet tenetur eaque. Ratione facilis ea velit amet eligendi blanditiis non expedita. Blanditiis vel esse expedita nisi sed consequuntur doloribus. Suscipit ex ad dolore minima.\n\nMolestias modi deserunt dolores voluptates numquam ipsa voluptate incidunt. Culpa placeat fuga quam eos doloribus ex. Labore nemo quia asperiores itaque.", "price": "74.22", "wholesale_price": null, "product_supplier": null, "available_on": null, "attributes": "{\"1\": \"1\", \"7\": \"17\", \"6\": \"13\"}", "updated_at": "2017-08-15T07:22:58.065Z", "is_featured": false, "low_stock_threshold": 10, "categories": [3]}}, {"model": "product.product", "pk": 40, "fields": {"product_class": 4, "product_tax": null, "name": "Pace Inc", "description": "Error distinctio suscipit magni veritatis accusantium saepe. Reiciendis omnis molestiae aperiam illum iste iste excepturi consectetur. Corrupti aliquam occaecati eum beatae.\n\nModi animi illo harum recusandae. Doloremque perferendis qui voluptatum culpa cupiditate exercitationem. Quis eum hic enim placeat repellendus eos alias. Ut enim aspernatur nostrum laudantium.\n\nLaborum accusamus quidem deleniti. Delectus at quidem odio at cumque.\n\nAliquam commodi ipsum dolorem. Sequi facilis dicta magni molestias. Vel esse ipsa aperiam ipsum. Nihil cumque consequuntur dolores assumenda minima.\n\nPossimus qui modi modi aliquid deleniti veniam iure veritatis. Ex accusantium labore sint quis distinctio nisi. Hic nemo sint amet est vel optio cumque soluta.", "price": "91.87", "wholesale_price": null, "product_supplier": null, "available_on": null, "attributes": "{\"1\": \"1\", \"7\": \"15\", \"6\": \"13\"}", "updated_at": "2017-08-15T07:22:58.252Z", "is_featured": false, "low_stock_threshold": 10, "categories": [3]}}, {"model": "product.product", "pk": 41, "fields": {"product_class": 5, "product_tax": null, "name": "James Group", "description": "Deleniti corrupti odio nostrum voluptate repellendus. Ab tenetur autem vitae veritatis soluta sapiente esse. Quos adipisci praesentium temporibus quod eaque. Doloribus odit similique aliquid officia quasi.\n\nNeque perspiciatis quisquam aperiam eius veniam. Temporibus cumque commodi quibusdam. Incidunt magnam soluta sapiente dolore. Hic fuga nesciunt doloribus quidem cum quia perspiciatis doloribus.\n\nQuaerat accusantium similique quasi maxime natus. Corporis recusandae quas quas necessitatibus. Suscipit ullam quam dolorem expedita nostrum repudiandae.\n\nTempora facere iusto labore fugiat similique facilis necessitatibus. Non laboriosam perspiciatis occaecati amet nihil. In quam voluptas odio optio ex autem.\n\nIusto neque at earum ex optio. Cupiditate cumque iure quam non maiores. In earum provident et autem iusto perferendis aspernatur. Praesentium quia atque nobis. Fuga eos delectus earum corrupti ex amet repellat.", "price": "24.63", "wholesale_price": null, "product_supplier": null, "available_on": null, "attributes": "{\"9\": \"24\", \"10\": \"26\", \"11\": \"29\"}", "updated_at": "2017-08-15T07:22:58.464Z", "is_featured": false, "low_stock_threshold": 10, "categories": [4]}}, {"model": "product.product", "pk": 42, "fields": {"product_class": 5, "product_tax": null, "name": "Bell-Nguyen", "description": "Eum aliquid error possimus a unde totam omnis alias. Sed sit ipsum harum porro nesciunt laboriosam. Quo consequatur vel ducimus ut officiis.\n\nIllum nostrum facere aliquam illum illum. A aspernatur ullam tempora ipsam incidunt accusantium magnam. Error eius quo praesentium ipsa fuga officia.\n\nIncidunt blanditiis totam hic eveniet mollitia aspernatur quisquam. Adipisci explicabo voluptatibus praesentium magnam. Libero rem laborum illo tempora. Dolor nisi impedit veniam tempore sed totam.\n\nSoluta illo corporis voluptate similique. Totam quibusdam eaque dolor. Tempore voluptatibus omnis tenetur non. Quasi velit laboriosam alias consequuntur minus iste perspiciatis.\n\nVoluptate ex veniam fugiat cum minus quam eligendi laudantium. Omnis similique rerum quisquam quae corporis veniam rerum. Minima tenetur officiis alias fugit corrupti. Incidunt consequatur harum assumenda et similique.", "price": "85.25", "wholesale_price": null, "product_supplier": null, "available_on": null, "attributes": "{\"9\": \"25\", \"10\": \"27\", \"11\": \"29\"}", "updated_at": "2017-08-15T07:22:58.609Z", "is_featured": false, "low_stock_threshold": 10, "categories": [4]}}, {"model": "product.product", "pk": 43, "fields": {"product_class": 5, "product_tax": null, "name": "Walker, Tanner and Brown", "description": "Magnam voluptates libero amet quaerat. Natus sequi assumenda omnis vitae. Earum adipisci veniam excepturi illum perspiciatis natus.\n\nBlanditiis dicta quas nostrum nobis nulla nam consequuntur ullam. Asperiores corrupti nemo magnam non. Molestiae dolor sed asperiores nesciunt accusamus.\n\nRepellat impedit ullam corrupti sint recusandae veniam. Beatae explicabo at ipsam maiores. Rem sunt nemo non fuga libero et corporis. Provident temporibus distinctio possimus fuga laborum excepturi sit.\n\nEa eveniet quidem doloribus quasi. Id saepe neque error facere velit expedita. Vel pariatur dolor similique fugiat voluptate commodi nemo architecto.\n\nRepellendus et doloribus eveniet quisquam. Dolor explicabo fugiat odio eligendi. Sapiente repellat veritatis ratione sit fugiat.", "price": "52.68", "wholesale_price": null, "product_supplier": null, "available_on": null, "attributes": "{\"9\": \"25\", \"10\": \"27\", \"11\": \"28\"}", "updated_at": "2017-08-15T07:22:58.822Z", "is_featured": true, "low_stock_threshold": 10, "categories": [4]}}, {"model": "product.product", "pk": 44, "fields": {"product_class": 5, "product_tax": null, "name": "Swanson, York and Burke", "description": "Sint minima adipisci facilis aspernatur sequi ab animi vel. Deleniti inventore neque corporis tenetur distinctio. Cupiditate rerum molestias dolore.\n\nEx exercitationem est corporis consectetur. Minima possimus dolore mollitia modi ipsam quidem ducimus modi. Error sequi aliquid quas officiis. Molestias modi excepturi perspiciatis molestias quaerat esse numquam. Vitae ad quae perferendis illo officia assumenda sequi.\n\nEnim pariatur natus distinctio quos id placeat. Repudiandae quidem autem libero. Provident minima veritatis reprehenderit sequi molestias at.\n\nOccaecati maxime labore aliquid. Minus temporibus odio optio. Neque unde doloribus sunt rerum aspernatur adipisci distinctio quas.\n\nDignissimos tempore veniam blanditiis. Aut saepe tempora labore consequuntur quod doloremque perspiciatis. Rerum modi sit laborum similique eaque unde exercitationem. Perspiciatis laborum aperiam animi consequatur voluptas necessitatibus.", "price": "47.19", "wholesale_price": null, "product_supplier": null, "available_on": null, "attributes": "{\"9\": \"25\", \"10\": \"26\", \"11\": \"29\"}", "updated_at": "2017-08-15T07:22:58.988Z", "is_featured": true, "low_stock_threshold": 10, "categories": [4]}}, {"model": "product.product", "pk": 45, "fields": {"product_class": 5, "product_tax": null, "name": "Stewart-Daniels", "description": "Qui deserunt quo eos molestias similique fuga tenetur doloribus. Cum accusamus saepe dolore perferendis qui maxime. Quisquam doloremque pariatur voluptatum natus. Cum at omnis quisquam placeat tenetur ad.\n\nProvident praesentium quae nam unde enim veniam. Ad tempore facere nulla quas. Doloribus explicabo adipisci eius excepturi vero aperiam esse. Molestiae repellendus nulla minus ad tempora. Nam error eligendi nihil accusamus ad fuga.\n\nMinima consequuntur optio dolorum architecto harum. Voluptatum tenetur occaecati officiis unde maiores commodi. Officia aut cum omnis ducimus adipisci doloremque.\n\nNesciunt accusantium ipsum inventore quidem et ex. Quaerat consectetur ea pariatur commodi cum nihil adipisci. Non nesciunt dolorem quae eaque vel nisi sunt. Eaque totam eligendi alias laboriosam rem.\n\nReiciendis vel occaecati quas libero non. Beatae consectetur quam doloremque sint minus. Facere nihil nostrum magni eos consequatur sed.", "price": "83.70", "wholesale_price": null, "product_supplier": null, "available_on": null, "attributes": "{\"9\": \"25\", \"10\": \"27\", \"11\": \"28\"}", "updated_at": "2017-08-15T07:22:59.164Z", "is_featured": false, "low_stock_threshold": 10, "categories": [4]}}, {"model": "product.product", "pk": 46, "fields": {"product_class": 5, "product_tax": null, "name": "Valentine-Watson", "description": "Inventore adipisci numquam commodi facilis praesentium. Placeat quae accusantium neque labore libero amet quis illo. Distinctio neque sequi tempora voluptatem. Quasi minus doloribus quas cumque cum.\n\nEius ab asperiores itaque eos. Dignissimos voluptates alias quod fugiat eum recusandae occaecati. Voluptate blanditiis dolore corrupti eos. Sit recusandae aliquam eos aut ipsam deleniti accusamus cum.\n\nBeatae eum pariatur dolore amet. Nam deleniti enim quae possimus voluptatem. Itaque est consequatur blanditiis alias aperiam nemo fugit at. Aspernatur quia harum ipsum illum vitae. Autem fugiat praesentium perferendis officiis.\n\nEx velit quidem asperiores perspiciatis adipisci tenetur. Sequi consequuntur a sequi magnam doloremque. Molestias distinctio nostrum voluptatem ratione.\n\nLibero assumenda culpa voluptate ad voluptate quo. Qui mollitia asperiores tempora minima officia tenetur possimus. Accusamus mollitia veniam commodi libero ipsam vel voluptas.", "price": "62.82", "wholesale_price": null, "product_supplier": null, "available_on": null, "attributes": "{\"9\": \"24\", \"10\": \"26\", \"11\": \"28\"}", "updated_at": "2017-08-15T07:22:59.274Z", "is_featured": true, "low_stock_threshold": 10, "categories": [4]}}, {"model": "product.product", "pk": 47, "fields": {"product_class": 5, "product_tax": null, "name": "Long Inc", "description": "Doloremque ex veniam architecto fugiat repudiandae pariatur eum vitae. Repudiandae et non unde debitis. Labore laborum illum quae.\n\nPerspiciatis aliquid unde mollitia doloribus aperiam vero eos. Quasi sunt incidunt nisi. Enim dolorem dolores facere facilis esse velit.\n\nRem qui cupiditate facere labore sit porro. Temporibus cupiditate rem quae. Ipsam enim est placeat totam occaecati eos natus.\n\nEa neque culpa vero sint odit. Illum iste quod aspernatur sapiente sint temporibus. Repudiandae soluta mollitia quibusdam nisi atque.\n\nIusto modi dolorum accusantium consequuntur. Blanditiis cupiditate ipsum fugiat esse velit vel quis.", "price": "29.40", "wholesale_price": null, "product_supplier": null, "available_on": null, "attributes": "{\"9\": \"25\", \"10\": \"26\", \"11\": \"28\"}", "updated_at": "2017-08-15T07:22:59.384Z", "is_featured": true, "low_stock_threshold": 10, "categories": [4]}}, {"model": "product.product", "pk": 48, "fields": {"product_class": 5, "product_tax": null, "name": "Osborne Group", "description": "Consectetur sunt iste nobis eveniet incidunt. Earum maiores voluptatum vitae iste doloremque facilis.\n\nAperiam dignissimos officia id blanditiis praesentium. Aliquid a corporis inventore ipsa. Laudantium laudantium excepturi quae eius sapiente dolor. Rerum officia nam voluptatem iure magnam deleniti excepturi esse.\n\nTempora repellendus cupiditate soluta repellendus nihil non voluptatum quod. Dolore in quis corporis molestias id sapiente asperiores. Nobis eius iste numquam quo odio.\n\nNatus neque accusantium sit quibusdam. Dolore pariatur veritatis fuga quae voluptatum perspiciatis tenetur.\n\nExplicabo amet laboriosam ut quia. Libero voluptas tempore voluptate impedit rerum. Corporis vitae modi optio consequuntur.", "price": "27.20", "wholesale_price": null, "product_supplier": null, "available_on": null, "attributes": "{\"9\": \"24\", \"10\": \"27\", \"11\": \"29\"}", "updated_at": "2017-08-15T07:22:59.505Z", "is_featured": false, "low_stock_threshold": 10, "categories": [4]}}, {"model": "product.product", "pk": 49, "fields": {"product_class": 5, "product_tax": null, "name": "Bradley-Ellison", "description": "Earum sunt dolores ea laborum magnam. Exercitationem ipsa optio asperiores vitae. Ad aliquid consequatur odio ipsa odio. Eos nemo deserunt incidunt minus quibusdam veniam alias.\n\nAd vitae facere nisi architecto itaque neque nisi. Impedit velit beatae modi distinctio odit rem ipsum. Iste earum mollitia amet non modi.\n\nVoluptatibus ipsam accusantium ex. Atque blanditiis iusto architecto illo commodi voluptatibus doloremque. Consequatur suscipit voluptatum consectetur eum beatae beatae exercitationem voluptates. Amet omnis nesciunt explicabo repellendus.\n\nFuga expedita architecto ipsa quaerat corporis. Dolor alias accusantium voluptas exercitationem.\n\nMinima libero commodi distinctio unde. Enim voluptatibus placeat sed neque laborum eaque. Cumque qui ratione ducimus aliquid cupiditate. Sunt dignissimos aliquid libero ab reprehenderit neque error.", "price": "2.20", "wholesale_price": null, "product_supplier": null, "available_on": null, "attributes": "{\"9\": \"24\", \"10\": \"27\", \"11\": \"29\"}", "updated_at": "2017-08-15T07:22:59.686Z", "is_featured": false, "low_stock_threshold": 10, "categories": [4]}}, {"model": "product.product", "pk": 50, "fields": {"product_class": 5, "product_tax": null, "name": "Rivas, Williams and Bishop", "description": "Voluptates possimus reiciendis animi sunt quod. Ab veritatis repellendus officiis ipsum. Nam cupiditate corrupti nam voluptas sit. Animi illum illum quod optio.\n\nNesciunt aliquam ipsam laboriosam incidunt rem soluta. Neque temporibus dolor aut tempora fuga nisi deserunt. Odit sit nihil architecto laborum. Eligendi repudiandae assumenda minus ea.\n\nAb atque veritatis veniam id hic exercitationem. Culpa dicta in quasi doloremque nesciunt debitis perferendis. Tenetur vero sequi sequi excepturi adipisci quas. Minima adipisci quam officiis accusamus quisquam. Asperiores architecto saepe atque eum facere iusto in provident.\n\nSimilique odio commodi ad corrupti ex. Voluptates dignissimos esse quae assumenda. Cumque facere omnis accusantium dignissimos neque illo. Magni rerum nam nesciunt.\n\nError rem quasi quis magnam. Odio voluptate magni beatae blanditiis voluptatem repudiandae sed. Sed corrupti commodi earum dolore a sequi magnam.", "price": "93.97", "wholesale_price": null, "product_supplier": null, "available_on": null, "attributes": "{\"9\": \"24\", \"10\": \"26\", \"11\": \"29\"}", "updated_at": "2017-08-15T07:22:59.832Z", "is_featured": false, "low_stock_threshold": 10, "categories": [4]}}, {"model": "product.product", "pk": 51, "fields": {"product_class": 6, "product_tax": null, "name": "Williams, Francis and Henderson", "description": "Facere necessitatibus quaerat iste vel corrupti deleniti deserunt magnam. Ad et at ipsam hic cupiditate. Incidunt fuga ipsam adipisci culpa dolor atque explicabo eligendi. Rem harum vel praesentium reiciendis nihil consequuntur incidunt sequi.\n\nSaepe et enim numquam consectetur. Dignissimos aperiam aspernatur eligendi occaecati eos. Quidem ullam veritatis ut voluptates repellat. Dignissimos eligendi reiciendis vero nihil.\n\nMollitia nihil cumque harum molestias rerum. Repellat autem officiis sit quis saepe quidem. Placeat debitis fugit magni soluta eius. Reprehenderit perferendis cumque amet.\n\nPorro dolores quasi optio vel delectus aperiam voluptas. Voluptas minima assumenda reiciendis. Sed nesciunt dolorum nemo sed eos. Molestiae iste necessitatibus molestiae temporibus quod velit.\n\nSint voluptas tempora sapiente tenetur soluta maxime. Doloribus unde accusantium ipsum dolores error et. Maxime sapiente at provident magni atque aperiam laboriosam.", "price": "86.12", "wholesale_price": null, "product_supplier": null, "available_on": null, "attributes": "{\"9\": \"25\", \"10\": \"26\", \"11\": \"28\"}", "updated_at": "2017-08-15T07:22:59.978Z", "is_featured": false, "low_stock_threshold": 10, "categories": [4]}}, {"model": "product.product", "pk": 52, "fields": {"product_class": 6, "product_tax": null, "name": "Harrison, Reese and Green", "description": "Necessitatibus vitae consequuntur minus qui cum quo vero. Consectetur odit corporis recusandae eum amet eum provident. Vel sit illum cupiditate quis aperiam.\n\nIpsum similique perspiciatis nesciunt sapiente delectus iusto natus consequatur. Quasi nihil esse libero at. Magni quas nesciunt placeat quaerat amet veniam consectetur. Deleniti soluta facere aspernatur dolore asperiores.\n\nAut nemo tempora id inventore consectetur aspernatur nesciunt. Quibusdam vero sed sit odio libero odio officiis impedit. Facilis laboriosam occaecati placeat exercitationem. Fugiat maxime maxime pariatur dolorum.\n\nVoluptatum consequuntur alias molestiae adipisci. Numquam id autem amet ipsa iure. Ipsam in quia quod distinctio doloremque voluptate.\n\nMolestiae a quasi vel cumque ea fugit cumque voluptatum. Quos velit aliquid possimus odit iure earum. Assumenda numquam sit dolorum quia illum quasi.", "price": "20.73", "wholesale_price": null, "product_supplier": null, "available_on": null, "attributes": "{\"9\": \"25\", \"10\": \"26\", \"11\": \"28\"}", "updated_at": "2017-08-15T07:23:00.076Z", "is_featured": false, "low_stock_threshold": 10, "categories": [4]}}, {"model": "product.product", "pk": 53, "fields": {"product_class": 6, "product_tax": null, "name": "Mccormick, Christian and Moreno", "description": "Libero porro nobis aperiam iste eos. Magni eius consectetur accusamus perferendis. Blanditiis explicabo vero rerum ullam quaerat consequuntur laudantium. Minus iure adipisci porro in impedit quaerat.\n\nQuisquam sunt at aut suscipit fugit temporibus dolores. Cupiditate eaque ex doloremque beatae officiis quam provident distinctio. Tenetur nesciunt earum facere quaerat hic praesentium.\n\nId totam earum natus officiis voluptates. Fugit ex asperiores quo non cupiditate. Esse ullam iusto incidunt. Dolorum sunt voluptas sunt dolor odit maiores. Odio nisi qui at nobis ipsa.\n\nPossimus tenetur quisquam sequi commodi voluptatum repellendus mollitia. Itaque ex praesentium corporis cum quisquam ab aspernatur. Doloribus autem enim iusto natus.\n\nDelectus accusamus eveniet magni debitis maiores error. Iure eveniet id perspiciatis ratione rem. Ullam pariatur accusamus architecto dicta occaecati est fugit fugiat. Fugiat quae accusantium modi itaque unde voluptatibus quam.", "price": "43.11", "wholesale_price": null, "product_supplier": null, "available_on": null, "attributes": "{\"9\": \"25\", \"10\": \"26\", \"11\": \"29\"}", "updated_at": "2017-08-15T07:23:00.198Z", "is_featured": false, "low_stock_threshold": 10, "categories": [4]}}, {"model": "product.product", "pk": 54, "fields": {"product_class": 6, "product_tax": null, "name": "Rodriguez-Walsh", "description": "Sint explicabo voluptates sint laborum quidem ipsum. Temporibus ipsum numquam voluptates pariatur quo tempore. Omnis reiciendis illo quae ex voluptate est. Illum officia dolorum ut quidem dolore.\n\nFacilis ratione commodi minus corrupti. Placeat hic assumenda est dolore libero ducimus. Dolor velit enim natus odio. Sunt ratione facere quas nostrum aperiam. Quos laboriosam adipisci natus.\n\nNam consequuntur corrupti voluptas illo fugit. Fugit consequuntur laudantium earum porro blanditiis quis delectus. Modi autem dolorem cum recusandae quidem facilis culpa.\n\nSaepe enim at voluptates eaque. Occaecati corporis assumenda quaerat corporis praesentium. Pariatur deserunt omnis veritatis quis explicabo alias.\n\nMolestiae labore commodi eius harum quo. Ut adipisci aut facere ratione reprehenderit et nobis. Quo mollitia quas temporibus illum repellendus. Itaque laborum assumenda natus quia quos.", "price": "75.61", "wholesale_price": null, "product_supplier": null, "available_on": null, "attributes": "{\"9\": \"24\", \"10\": \"27\", \"11\": \"28\"}", "updated_at": "2017-08-15T07:23:00.318Z", "is_featured": false, "low_stock_threshold": 10, "categories": [4]}}, {"model": "product.product", "pk": 55, "fields": {"product_class": 6, "product_tax": null, "name": "Foster-Palmer", "description": "Enim at fugit aperiam repellat. Natus excepturi maxime laboriosam aliquam dolorem labore quis possimus. Ipsum voluptate mollitia fugit a debitis modi excepturi perferendis. Nisi autem sunt eligendi iste.\n\nReprehenderit temporibus necessitatibus dolorem. Ducimus occaecati minima accusamus maxime debitis aperiam. Veritatis maxime veniam ut accusantium repellat pariatur.\n\nVoluptatem similique voluptatibus iure dignissimos maiores. Eius aliquam totam aut libero at. Vero quam unde quos nulla doloribus. Omnis eum molestias cumque deleniti quod.\n\nAperiam harum nostrum dolorem deleniti voluptatem temporibus. Nisi commodi numquam magnam maxime necessitatibus laboriosam. Quasi numquam reprehenderit vitae dolor ea recusandae. Asperiores odit rerum officiis sapiente amet a.\n\nDistinctio est consequatur quibusdam dignissimos itaque. Nihil rerum iusto debitis laborum. Ea facilis recusandae quis in tempora quidem ut voluptate.", "price": "39.23", "wholesale_price": null, "product_supplier": null, "available_on": null, "attributes": "{\"9\": \"24\", \"10\": \"26\", \"11\": \"28\"}", "updated_at": "2017-08-15T07:23:00.396Z", "is_featured": true, "low_stock_threshold": 10, "categories": [4]}}, {"model": "product.product", "pk": 56, "fields": {"product_class": 6, "product_tax": null, "name": "Davidson PLC", "description": "Dolore ex adipisci quia. Voluptas nobis corrupti commodi vitae fugit quas quam nobis. Beatae nam nesciunt eius esse fugit quisquam quisquam.\n\nAmet tenetur enim reiciendis perspiciatis nesciunt. Eligendi laborum exercitationem eligendi provident repudiandae eum odio odio. Reiciendis magni ad unde rem nisi aspernatur vel.\n\nDoloremque eius est voluptatum occaecati quaerat hic dolorum modi. Nobis eum fuga minima praesentium voluptatibus. Dolore dolorum illum laudantium. Libero odio eius non eligendi.\n\nAliquid pariatur mollitia non beatae nesciunt delectus. Beatae quisquam debitis animi voluptatem aliquid vero ipsa. Ipsum non minus laboriosam minus ab. Error sunt veniam minima laboriosam modi voluptas possimus.\n\nPraesentium recusandae in quae nam culpa officia. Non saepe eius praesentium blanditiis. Rem nemo excepturi aperiam optio ipsum. Sed quo facilis dicta delectus.", "price": "27.55", "wholesale_price": null, "product_supplier": null, "available_on": null, "attributes": "{\"9\": \"24\", \"10\": \"27\", \"11\": \"28\"}", "updated_at": "2017-08-15T07:23:00.494Z", "is_featured": false, "low_stock_threshold": 10, "categories": [4]}}, {"model": "product.product", "pk": 57, "fields": {"product_class": 6, "product_tax": null, "name": "Porter-Chandler", "description": "Dolor cupiditate magnam voluptas voluptate debitis quod voluptatibus. Ut similique iure velit consectetur eaque. Iusto blanditiis tenetur mollitia amet eius.\n\nDicta dolores exercitationem laudantium nesciunt minus aperiam provident. Voluptatem voluptatem autem magni optio voluptate. Amet similique earum at earum. Harum consequatur asperiores distinctio occaecati dolorum eaque fugiat ad.\n\nEarum quidem hic vel aut. Modi facilis possimus rerum corrupti expedita quas labore magni. Necessitatibus ex vero laborum.\n\nConsequatur non officiis facilis perspiciatis maiores iste accusantium excepturi. Ullam quia aperiam repudiandae corporis cumque repudiandae. Mollitia dolorum inventore suscipit atque. Voluptate vero adipisci iste minima quibusdam sit.\n\nQuae repellat voluptates consectetur minus. Eum officiis ullam libero in odit. Cumque rem quo iste dolor veniam. Exercitationem saepe eos sint consectetur corrupti minima ratione.", "price": "11.89", "wholesale_price": null, "product_supplier": null, "available_on": null, "attributes": "{\"9\": \"24\", \"10\": \"27\", \"11\": \"28\"}", "updated_at": "2017-08-15T07:23:00.584Z", "is_featured": true, "low_stock_threshold": 10, "categories": [4]}}, {"model": "product.product", "pk": 58, "fields": {"product_class": 6, "product_tax": null, "name": "Oconnor, Clark and Vargas", "description": "Incidunt soluta voluptatibus nostrum est. Deleniti totam laborum suscipit eos ullam nihil tempora. Ducimus ad architecto facilis quae doloremque.\n\nSaepe officia quo iusto possimus maxime quia itaque. Aut similique perferendis veritatis atque. Neque quisquam neque placeat repellat aut dicta.\n\nSit alias ipsam ut sunt veniam soluta perspiciatis. Consectetur ipsam velit veritatis impedit officia similique dolor.\n\nExercitationem asperiores occaecati fugiat molestias nostrum. Eius rem facilis recusandae maxime facere. Earum aut reiciendis nam veritatis. Adipisci ea dolorum tenetur cum distinctio.\n\nUnde voluptatum hic possimus est voluptates porro consequuntur debitis. Assumenda quae ut dicta eaque quam provident. Totam occaecati enim architecto. Voluptatibus iure aperiam repellendus voluptates delectus.", "price": "31.18", "wholesale_price": null, "product_supplier": null, "available_on": null, "attributes": "{\"9\": \"24\", \"10\": \"27\", \"11\": \"28\"}", "updated_at": "2017-08-15T07:23:00.686Z", "is_featured": true, "low_stock_threshold": 10, "categories": [4]}}, {"model": "product.product", "pk": 59, "fields": {"product_class": 6, "product_tax": null, "name": "Khan Group", "description": "Sint nisi veniam tenetur dignissimos ipsa praesentium. Occaecati modi exercitationem porro voluptatum consequatur. Harum repudiandae sed facilis voluptatibus repudiandae eaque. Asperiores sapiente dolorem in incidunt.\n\nCupiditate maiores iusto soluta quos facilis minus. Ea sequi recusandae vero. Ducimus tenetur ratione ipsam molestiae id quisquam.\n\nRepellat atque quaerat deserunt cum dolores veritatis. Laboriosam voluptatibus laudantium blanditiis reiciendis nostrum atque. Unde illum voluptas nesciunt ducimus fugiat repudiandae totam. Culpa numquam distinctio itaque.\n\nCorrupti repudiandae culpa praesentium hic vel. Facilis similique sit dolorem quis aperiam neque fuga. In alias officia esse rem voluptates.\n\nQuibusdam illum minus ullam rerum dignissimos dolorem quas. Consequatur reprehenderit officiis beatae eligendi. Nesciunt error deleniti praesentium aspernatur doloribus dolores vero placeat.", "price": "72.50", "wholesale_price": null, "product_supplier": null, "available_on": null, "attributes": "{\"9\": \"25\", \"10\": \"27\", \"11\": \"29\"}", "updated_at": "2017-08-15T07:23:00.793Z", "is_featured": false, "low_stock_threshold": 10, "categories": [4]}}, {"model": "product.product", "pk": 60, "fields": {"product_class": 6, "product_tax": null, "name": "Foster-Knox", "description": "Dolore eaque quae eos est dolores soluta. Similique magni exercitationem fugiat maxime reprehenderit a tenetur. Magni sed cum nisi quas magnam eligendi. Exercitationem doloribus sed dolor earum.\n\nOfficiis id minima quae molestiae et. Vel consectetur deserunt expedita in earum. Odit cupiditate rerum porro laboriosam esse necessitatibus tempore. Voluptatum soluta deleniti non dicta quos quia.\n\nDistinctio temporibus maiores ipsam minima mollitia perspiciatis. Voluptate facere ex deserunt unde doloribus. Ullam minima voluptate vel quisquam iste quisquam aut modi. Ex autem odio velit eum.\n\nDicta porro nemo earum. Cum dolorum necessitatibus praesentium excepturi numquam cupiditate. Fuga doloremque sint fugit quis earum.\n\nRerum facere doloremque dicta odio quam. Quisquam repudiandae minima suscipit occaecati illum consectetur. Rerum voluptatem tenetur quia at odio.", "price": "38.28", "wholesale_price": null, "product_supplier": null, "available_on": null, "attributes": "{\"9\": \"24\", \"10\": \"26\", \"11\": \"29\"}", "updated_at": "2017-08-15T07:23:00.906Z", "is_featured": false, "low_stock_threshold": 10, "categories": [4]}}, {"model": "product.productvariant", "pk": 1, "fields": {"sku": "1-1337", "name": "", "price_override": "103.43", "wholesale_override": null, "product": 1, "attributes": "{\"3\": \"7\"}"}}, {"model": "product.productvariant", "pk": 2, "fields": {"sku": "1-1338", "name": "", "price_override": "97.90", "wholesale_override": null, "product": 1, "attributes": "{\"3\": \"6\"}"}}, {"model": "product.productvariant", "pk": 3, "fields": {"sku": "1-1339", "name": "", "price_override": "85.87", "wholesale_override": null, "product": 1, "attributes": "{\"3\": \"5\"}"}}, {"model": "product.productvariant", "pk": 4, "fields": {"sku": "1-1340", "name": "", "price_override": "61.08", "wholesale_override": null, "product": 1, "attributes": "{\"3\": \"4\"}"}}, {"model": "product.productvariant", "pk": 5, "fields": {"sku": "2-1337", "name": "", "price_override": "50.05", "wholesale_override": null, "product": 2, "attributes": "{\"3\": \"7\"}"}}, {"model": "product.productvariant", "pk": 6, "fields": {"sku": "2-1338", "name": "", "price_override": "27.32", "wholesale_override": null, "product": 2, "attributes": "{\"3\": \"6\"}"}}, {"model": "product.productvariant", "pk": 7, "fields": {"sku": "2-1339", "name": "", "price_override": "11.30", "wholesale_override": null, "product": 2, "attributes": "{\"3\": \"5\"}"}}, {"model": "product.productvariant", "pk": 8, "fields": {"sku": "2-1340", "name": "", "price_override": "10.68", "wholesale_override": null, "product": 2, "attributes": "{\"3\": \"4\"}"}}, {"model": "product.productvariant", "pk": 9, "fields": {"sku": "3-1337", "name": "", "price_override": "145.38", "wholesale_override": null, "product": 3, "attributes": "{\"3\": \"7\"}"}}, {"model": "product.productvariant", "pk": 10, "fields": {"sku": "3-1338", "name": "", "price_override": "124.46", "wholesale_override": null, "product": 3, "attributes": "{\"3\": \"6\"}"}}, {"model": "product.productvariant", "pk": 11, "fields": {"sku": "3-1339", "name": "", "price_override": "116.83", "wholesale_override": null, "product": 3, "attributes": "{\"3\": \"5\"}"}}, {"model": "product.productvariant", "pk": 12, "fields": {"sku": "3-1340", "name": "", "price_override": "105.63", "wholesale_override": null, "product": 3, "attributes": "{\"3\": \"4\"}"}}, {"model": "product.productvariant", "pk": 13, "fields": {"sku": "4-1337", "name": "", "price_override": "174.33", "wholesale_override": null, "product": 4, "attributes": "{\"3\": \"7\"}"}}, {"model": "product.productvariant", "pk": 14, "fields": {"sku": "4-1338", "name": "", "price_override": "169.61", "wholesale_override": null, "product": 4, "attributes": "{\"3\": \"6\"}"}}, {"model": "product.productvariant", "pk": 15, "fields": {"sku": "4-1339", "name": "", "price_override": "149.70", "wholesale_override": null, "product": 4, "attributes": "{\"3\": \"5\"}"}}, {"model": "product.productvariant", "pk": 16, "fields": {"sku": "4-1340", "name": "", "price_override": "89.90", "wholesale_override": null, "product": 4, "attributes": "{\"3\": \"4\"}"}}, {"model": "product.productvariant", "pk": 17, "fields": {"sku": "5-1337", "name": "", "price_override": "151.78", "wholesale_override": null, "product": 5, "attributes": "{\"3\": \"7\"}"}}, {"model": "product.productvariant", "pk": 18, "fields": {"sku": "5-1338", "name": "", "price_override": "139.52", "wholesale_override": null, "product": 5, "attributes": "{\"3\": \"6\"}"}}, {"model": "product.productvariant", "pk": 19, "fields": {"sku": "5-1339", "name": "", "price_override": "129.35", "wholesale_override": null, "product": 5, "attributes": "{\"3\": \"5\"}"}}, {"model": "product.productvariant", "pk": 20, "fields": {"sku": "5-1340", "name": "", "price_override": "108.08", "wholesale_override": null, "product": 5, "attributes": "{\"3\": \"4\"}"}}, {"model": "product.productvariant", "pk": 21, "fields": {"sku": "6-1337", "name": "", "price_override": "91.99", "wholesale_override": null, "product": 6, "attributes": "{\"3\": \"7\"}"}}, {"model": "product.productvariant", "pk": 22, "fields": {"sku": "6-1338", "name": "", "price_override": "71.48", "wholesale_override": null, "product": 6, "attributes": "{\"3\": \"6\"}"}}, {"model": "product.productvariant", "pk": 23, "fields": {"sku": "6-1339", "name": "", "price_override": "65.60", "wholesale_override": null, "product": 6, "attributes": "{\"3\": \"5\"}"}}, {"model": "product.productvariant", "pk": 24, "fields": {"sku": "6-1340", "name": "", "price_override": "60.74", "wholesale_override": null, "product": 6, "attributes": "{\"3\": \"4\"}"}}, {"model": "product.productvariant", "pk": 25, "fields": {"sku": "7-1337", "name": "", "price_override": "177.54", "wholesale_override": null, "product": 7, "attributes": "{\"3\": \"7\"}"}}, {"model": "product.productvariant", "pk": 26, "fields": {"sku": "7-1338", "name": "", "price_override": "127.60", "wholesale_override": null, "product": 7, "attributes": "{\"3\": \"6\"}"}}, {"model": "product.productvariant", "pk": 27, "fields": {"sku": "7-1339", "name": "", "price_override": "125.92", "wholesale_override": null, "product": 7, "attributes": "{\"3\": \"5\"}"}}, {"model": "product.productvariant", "pk": 28, "fields": {"sku": "7-1340", "name": "", "price_override": "95.54", "wholesale_override": null, "product": 7, "attributes": "{\"3\": \"4\"}"}}, {"model": "product.productvariant", "pk": 29, "fields": {"sku": "8-1337", "name": "", "price_override": "164.42", "wholesale_override": null, "product": 8, "attributes": "{\"3\": \"7\"}"}}, {"model": "product.productvariant", "pk": 30, "fields": {"sku": "8-1338", "name": "", "price_override": "134.00", "wholesale_override": null, "product": 8, "attributes": "{\"3\": \"6\"}"}}, {"model": "product.productvariant", "pk": 31, "fields": {"sku": "8-1339", "name": "", "price_override": "109.01", "wholesale_override": null, "product": 8, "attributes": "{\"3\": \"5\"}"}}, {"model": "product.productvariant", "pk": 32, "fields": {"sku": "8-1340", "name": "", "price_override": "94.71", "wholesale_override": null, "product": 8, "attributes": "{\"3\": \"4\"}"}}, {"model": "product.productvariant", "pk": 33, "fields": {"sku": "9-1337", "name": "", "price_override": "149.12", "wholesale_override": null, "product": 9, "attributes": "{\"3\": \"7\"}"}}, {"model": "product.productvariant", "pk": 34, "fields": {"sku": "9-1338", "name": "", "price_override": "146.12", "wholesale_override": null, "product": 9, "attributes": "{\"3\": \"6\"}"}}, {"model": "product.productvariant", "pk": 35, "fields": {"sku": "9-1339", "name": "", "price_override": "116.96", "wholesale_override": null, "product": 9, "attributes": "{\"3\": \"5\"}"}}, {"model": "product.productvariant", "pk": 36, "fields": {"sku": "9-1340", "name": "", "price_override": "65.33", "wholesale_override": null, "product": 9, "attributes": "{\"3\": \"4\"}"}}, {"model": "product.productvariant", "pk": 37, "fields": {"sku": "10-1337", "name": "", "price_override": "105.28", "wholesale_override": null, "product": 10, "attributes": "{\"3\": \"7\"}"}}, {"model": "product.productvariant", "pk": 38, "fields": {"sku": "10-1338", "name": "", "price_override": "49.55", "wholesale_override": null, "product": 10, "attributes": "{\"3\": \"6\"}"}}, {"model": "product.productvariant", "pk": 39, "fields": {"sku": "10-1339", "name": "", "price_override": "39.71", "wholesale_override": null, "product": 10, "attributes": "{\"3\": \"5\"}"}}, {"model": "product.productvariant", "pk": 40, "fields": {"sku": "10-1340", "name": "", "price_override": "28.07", "wholesale_override": null, "product": 10, "attributes": "{\"3\": \"4\"}"}}, {"model": "product.productvariant", "pk": 41, "fields": {"sku": "11-1337", "name": "", "price_override": null, "wholesale_override": null, "product": 11, "attributes": "{}"}}, {"model": "product.productvariant", "pk": 42, "fields": {"sku": "12-1337", "name": "", "price_override": null, "wholesale_override": null, "product": 12, "attributes": "{}"}}, {"model": "product.productvariant", "pk": 43, "fields": {"sku": "13-1337", "name": "", "price_override": null, "wholesale_override": null, "product": 13, "attributes": "{}"}}, {"model": "product.productvariant", "pk": 44, "fields": {"sku": "14-1337", "name": "", "price_override": null, "wholesale_override": null, "product": 14, "attributes": "{}"}}, {"model": "product.productvariant", "pk": 45, "fields": {"sku": "15-1337", "name": "", "price_override": null, "wholesale_override": null, "product": 15, "attributes": "{}"}}, {"model": "product.productvariant", "pk": 46, "fields": {"sku": "16-1337", "name": "", "price_override": null, "wholesale_override": null, "product": 16, "attributes": "{}"}}, {"model": "product.productvariant", "pk": 47, "fields": {"sku": "17-1337", "name": "", "price_override": null, "wholesale_override": null, "product": 17, "attributes": "{}"}}, {"model": "product.productvariant", "pk": 48, "fields": {"sku": "18-1337", "name": "", "price_override": null, "wholesale_override": null, "product": 18, "attributes": "{}"}}, {"model": "product.productvariant", "pk": 49, "fields": {"sku": "19-1337", "name": "", "price_override": null, "wholesale_override": null, "product": 19, "attributes": "{}"}}, {"model": "product.productvariant", "pk": 50, "fields": {"sku": "20-1337", "name": "", "price_override": null, "wholesale_override": null, "product": 20, "attributes": "{}"}}, {"model": "product.productvariant", "pk": 51, "fields": {"sku": "21-1337", "name": "", "price_override": "142.13", "wholesale_override": null, "product": 21, "attributes": "{\"5\": \"12\"}"}}, {"model": "product.productvariant", "pk": 52, "fields": {"sku": "21-1338", "name": "", "price_override": "107.49", "wholesale_override": null, "product": 21, "attributes": "{\"5\": \"11\"}"}}, {"model": "product.productvariant", "pk": 53, "fields": {"sku": "21-1339", "name": "", "price_override": "90.50", "wholesale_override": null, "product": 21, "attributes": "{\"5\": \"10\"}"}}, {"model": "product.productvariant", "pk": 54, "fields": {"sku": "22-1337", "name": "", "price_override": "64.88", "wholesale_override": null, "product": 22, "attributes": "{\"5\": \"12\"}"}}, {"model": "product.productvariant", "pk": 55, "fields": {"sku": "22-1338", "name": "", "price_override": "59.64", "wholesale_override": null, "product": 22, "attributes": "{\"5\": \"11\"}"}}, {"model": "product.productvariant", "pk": 56, "fields": {"sku": "22-1339", "name": "", "price_override": "41.46", "wholesale_override": null, "product": 22, "attributes": "{\"5\": \"10\"}"}}, {"model": "product.productvariant", "pk": 57, "fields": {"sku": "23-1337", "name": "", "price_override": "90.36", "wholesale_override": null, "product": 23, "attributes": "{\"5\": \"12\"}"}}, {"model": "product.productvariant", "pk": 58, "fields": {"sku": "23-1338", "name": "", "price_override": "53.43", "wholesale_override": null, "product": 23, "attributes": "{\"5\": \"11\"}"}}, {"model": "product.productvariant", "pk": 59, "fields": {"sku": "23-1339", "name": "", "price_override": "28.58", "wholesale_override": null, "product": 23, "attributes": "{\"5\": \"10\"}"}}, {"model": "product.productvariant", "pk": 60, "fields": {"sku": "24-1337", "name": "", "price_override": "103.12", "wholesale_override": null, "product": 24, "attributes": "{\"5\": \"12\"}"}}, {"model": "product.productvariant", "pk": 61, "fields": {"sku": "24-1338", "name": "", "price_override": "65.34", "wholesale_override": null, "product": 24, "attributes": "{\"5\": \"11\"}"}}, {"model": "product.productvariant", "pk": 62, "fields": {"sku": "24-1339", "name": "", "price_override": "63.30", "wholesale_override": null, "product": 24, "attributes": "{\"5\": \"10\"}"}}, {"model": "product.productvariant", "pk": 63, "fields": {"sku": "25-1337", "name": "", "price_override": "93.86", "wholesale_override": null, "product": 25, "attributes": "{\"5\": \"12\"}"}}, {"model": "product.productvariant", "pk": 64, "fields": {"sku": "25-1338", "name": "", "price_override": "83.36", "wholesale_override": null, "product": 25, "attributes": "{\"5\": \"11\"}"}}, {"model": "product.productvariant", "pk": 65, "fields": {"sku": "25-1339", "name": "", "price_override": "60.76", "wholesale_override": null, "product": 25, "attributes": "{\"5\": \"10\"}"}}, {"model": "product.productvariant", "pk": 66, "fields": {"sku": "26-1337", "name": "", "price_override": "155.31", "wholesale_override": null, "product": 26, "attributes": "{\"5\": \"12\"}"}}, {"model": "product.productvariant", "pk": 67, "fields": {"sku": "26-1338", "name": "", "price_override": "118.86", "wholesale_override": null, "product": 26, "attributes": "{\"5\": \"11\"}"}}, {"model": "product.productvariant", "pk": 68, "fields": {"sku": "26-1339", "name": "", "price_override": "91.44", "wholesale_override": null, "product": 26, "attributes": "{\"5\": \"10\"}"}}, {"model": "product.productvariant", "pk": 69, "fields": {"sku": "27-1337", "name": "", "price_override": "149.08", "wholesale_override": null, "product": 27, "attributes": "{\"5\": \"12\"}"}}, {"model": "product.productvariant", "pk": 70, "fields": {"sku": "27-1338", "name": "", "price_override": "119.92", "wholesale_override": null, "product": 27, "attributes": "{\"5\": \"11\"}"}}, {"model": "product.productvariant", "pk": 71, "fields": {"sku": "27-1339", "name": "", "price_override": "79.02", "wholesale_override": null, "product": 27, "attributes": "{\"5\": \"10\"}"}}, {"model": "product.productvariant", "pk": 72, "fields": {"sku": "28-1337", "name": "", "price_override": "130.75", "wholesale_override": null, "product": 28, "attributes": "{\"5\": \"12\"}"}}, {"model": "product.productvariant", "pk": 73, "fields": {"sku": "28-1338", "name": "", "price_override": "93.43", "wholesale_override": null, "product": 28, "attributes": "{\"5\": \"11\"}"}}, {"model": "product.productvariant", "pk": 74, "fields": {"sku": "28-1339", "name": "", "price_override": "60.04", "wholesale_override": null, "product": 28, "attributes": "{\"5\": \"10\"}"}}, {"model": "product.productvariant", "pk": 75, "fields": {"sku": "29-1337", "name": "", "price_override": "71.54", "wholesale_override": null, "product": 29, "attributes": "{\"5\": \"12\"}"}}, {"model": "product.productvariant", "pk": 76, "fields": {"sku": "29-1338", "name": "", "price_override": "30.27", "wholesale_override": null, "product": 29, "attributes": "{\"5\": \"11\"}"}}, {"model": "product.productvariant", "pk": 77, "fields": {"sku": "29-1339", "name": "", "price_override": "22.41", "wholesale_override": null, "product": 29, "attributes": "{\"5\": \"10\"}"}}, {"model": "product.productvariant", "pk": 78, "fields": {"sku": "30-1337", "name": "", "price_override": "110.35", "wholesale_override": null, "product": 30, "attributes": "{\"5\": \"12\"}"}}, {"model": "product.productvariant", "pk": 79, "fields": {"sku": "30-1338", "name": "", "price_override": "89.62", "wholesale_override": null, "product": 30, "attributes": "{\"5\": \"11\"}"}}, {"model": "product.productvariant", "pk": 80, "fields": {"sku": "30-1339", "name": "", "price_override": "43.81", "wholesale_override": null, "product": 30, "attributes": "{\"5\": \"10\"}"}}, {"model": "product.productvariant", "pk": 81, "fields": {"sku": "31-1337", "name": "", "price_override": null, "wholesale_override": null, "product": 31, "attributes": "{\"8\": \"23\"}"}}, {"model": "product.productvariant", "pk": 82, "fields": {"sku": "31-1338", "name": "", "price_override": null, "wholesale_override": null, "product": 31, "attributes": "{\"8\": \"22\"}"}}, {"model": "product.productvariant", "pk": 83, "fields": {"sku": "31-1339", "name": "", "price_override": null, "wholesale_override": null, "product": 31, "attributes": "{\"8\": \"21\"}"}}, {"model": "product.productvariant", "pk": 84, "fields": {"sku": "31-1340", "name": "", "price_override": null, "wholesale_override": null, "product": 31, "attributes": "{\"8\": \"20\"}"}}, {"model": "product.productvariant", "pk": 85, "fields": {"sku": "31-1341", "name": "", "price_override": null, "wholesale_override": null, "product": 31, "attributes": "{\"8\": \"19\"}"}}, {"model": "product.productvariant", "pk": 86, "fields": {"sku": "31-1342", "name": "", "price_override": null, "wholesale_override": null, "product": 31, "attributes": "{\"8\": \"18\"}"}}, {"model": "product.productvariant", "pk": 87, "fields": {"sku": "32-1337", "name": "", "price_override": null, "wholesale_override": null, "product": 32, "attributes": "{\"8\": \"23\"}"}}, {"model": "product.productvariant", "pk": 88, "fields": {"sku": "32-1338", "name": "", "price_override": null, "wholesale_override": null, "product": 32, "attributes": "{\"8\": \"22\"}"}}, {"model": "product.productvariant", "pk": 89, "fields": {"sku": "32-1339", "name": "", "price_override": null, "wholesale_override": null, "product": 32, "attributes": "{\"8\": \"21\"}"}}, {"model": "product.productvariant", "pk": 90, "fields": {"sku": "32-1340", "name": "", "price_override": null, "wholesale_override": null, "product": 32, "attributes": "{\"8\": \"20\"}"}}, {"model": "product.productvariant", "pk": 91, "fields": {"sku": "32-1341", "name": "", "price_override": null, "wholesale_override": null, "product": 32, "attributes": "{\"8\": \"19\"}"}}, {"model": "product.productvariant", "pk": 92, "fields": {"sku": "32-1342", "name": "", "price_override": null, "wholesale_override": null, "product": 32, "attributes": "{\"8\": \"18\"}"}}, {"model": "product.productvariant", "pk": 93, "fields": {"sku": "33-1337", "name": "", "price_override": null, "wholesale_override": null, "product": 33, "attributes": "{\"8\": \"23\"}"}}, {"model": "product.productvariant", "pk": 94, "fields": {"sku": "33-1338", "name": "", "price_override": null, "wholesale_override": null, "product": 33, "attributes": "{\"8\": \"22\"}"}}, {"model": "product.productvariant", "pk": 95, "fields": {"sku": "33-1339", "name": "", "price_override": null, "wholesale_override": null, "product": 33, "attributes": "{\"8\": \"21\"}"}}, {"model": "product.productvariant", "pk": 96, "fields": {"sku": "33-1340", "name": "", "price_override": null, "wholesale_override": null, "product": 33, "attributes": "{\"8\": \"20\"}"}}, {"model": "product.productvariant", "pk": 97, "fields": {"sku": "33-1341", "name": "", "price_override": null, "wholesale_override": null, "product": 33, "attributes": "{\"8\": \"19\"}"}}, {"model": "product.productvariant", "pk": 98, "fields": {"sku": "33-1342", "name": "", "price_override": null, "wholesale_override": null, "product": 33, "attributes": "{\"8\": \"18\"}"}}, {"model": "product.productvariant", "pk": 99, "fields": {"sku": "34-1337", "name": "", "price_override": null, "wholesale_override": null, "product": 34, "attributes": "{\"8\": \"23\"}"}}, {"model": "product.productvariant", "pk": 100, "fields": {"sku": "34-1338", "name": "", "price_override": null, "wholesale_override": null, "product": 34, "attributes": "{\"8\": \"22\"}"}}, {"model": "product.productvariant", "pk": 101, "fields": {"sku": "34-1339", "name": "", "price_override": null, "wholesale_override": null, "product": 34, "attributes": "{\"8\": \"21\"}"}}, {"model": "product.productvariant", "pk": 102, "fields": {"sku": "34-1340", "name": "", "price_override": null, "wholesale_override": null, "product": 34, "attributes": "{\"8\": \"20\"}"}}, {"model": "product.productvariant", "pk": 103, "fields": {"sku": "34-1341", "name": "", "price_override": null, "wholesale_override": null, "product": 34, "attributes": "{\"8\": \"19\"}"}}, {"model": "product.productvariant", "pk": 104, "fields": {"sku": "34-1342", "name": "", "price_override": null, "wholesale_override": null, "product": 34, "attributes": "{\"8\": \"18\"}"}}, {"model": "product.productvariant", "pk": 105, "fields": {"sku": "35-1337", "name": "", "price_override": null, "wholesale_override": null, "product": 35, "attributes": "{\"8\": \"23\"}"}}, {"model": "product.productvariant", "pk": 106, "fields": {"sku": "35-1338", "name": "", "price_override": null, "wholesale_override": null, "product": 35, "attributes": "{\"8\": \"22\"}"}}, {"model": "product.productvariant", "pk": 107, "fields": {"sku": "35-1339", "name": "", "price_override": null, "wholesale_override": null, "product": 35, "attributes": "{\"8\": \"21\"}"}}, {"model": "product.productvariant", "pk": 108, "fields": {"sku": "35-1340", "name": "", "price_override": null, "wholesale_override": null, "product": 35, "attributes": "{\"8\": \"20\"}"}}, {"model": "product.productvariant", "pk": 109, "fields": {"sku": "35-1341", "name": "", "price_override": null, "wholesale_override": null, "product": 35, "attributes": "{\"8\": \"19\"}"}}, {"model": "product.productvariant", "pk": 110, "fields": {"sku": "35-1342", "name": "", "price_override": null, "wholesale_override": null, "product": 35, "attributes": "{\"8\": \"18\"}"}}, {"model": "product.productvariant", "pk": 111, "fields": {"sku": "36-1337", "name": "", "price_override": null, "wholesale_override": null, "product": 36, "attributes": "{\"8\": \"23\"}"}}, {"model": "product.productvariant", "pk": 112, "fields": {"sku": "36-1338", "name": "", "price_override": null, "wholesale_override": null, "product": 36, "attributes": "{\"8\": \"22\"}"}}, {"model": "product.productvariant", "pk": 113, "fields": {"sku": "36-1339", "name": "", "price_override": null, "wholesale_override": null, "product": 36, "attributes": "{\"8\": \"21\"}"}}, {"model": "product.productvariant", "pk": 114, "fields": {"sku": "36-1340", "name": "", "price_override": null, "wholesale_override": null, "product": 36, "attributes": "{\"8\": \"20\"}"}}, {"model": "product.productvariant", "pk": 115, "fields": {"sku": "36-1341", "name": "", "price_override": null, "wholesale_override": null, "product": 36, "attributes": "{\"8\": \"19\"}"}}, {"model": "product.productvariant", "pk": 116, "fields": {"sku": "36-1342", "name": "", "price_override": null, "wholesale_override": null, "product": 36, "attributes": "{\"8\": \"18\"}"}}, {"model": "product.productvariant", "pk": 117, "fields": {"sku": "37-1337", "name": "", "price_override": null, "wholesale_override": null, "product": 37, "attributes": "{\"8\": \"23\"}"}}, {"model": "product.productvariant", "pk": 118, "fields": {"sku": "37-1338", "name": "", "price_override": null, "wholesale_override": null, "product": 37, "attributes": "{\"8\": \"22\"}"}}, {"model": "product.productvariant", "pk": 119, "fields": {"sku": "37-1339", "name": "", "price_override": null, "wholesale_override": null, "product": 37, "attributes": "{\"8\": \"21\"}"}}, {"model": "product.productvariant", "pk": 120, "fields": {"sku": "37-1340", "name": "", "price_override": null, "wholesale_override": null, "product": 37, "attributes": "{\"8\": \"20\"}"}}, {"model": "product.productvariant", "pk": 121, "fields": {"sku": "37-1341", "name": "", "price_override": null, "wholesale_override": null, "product": 37, "attributes": "{\"8\": \"19\"}"}}, {"model": "product.productvariant", "pk": 122, "fields": {"sku": "37-1342", "name": "", "price_override": null, "wholesale_override": null, "product": 37, "attributes": "{\"8\": \"18\"}"}}, {"model": "product.productvariant", "pk": 123, "fields": {"sku": "38-1337", "name": "", "price_override": null, "wholesale_override": null, "product": 38, "attributes": "{\"8\": \"23\"}"}}, {"model": "product.productvariant", "pk": 124, "fields": {"sku": "38-1338", "name": "", "price_override": null, "wholesale_override": null, "product": 38, "attributes": "{\"8\": \"22\"}"}}, {"model": "product.productvariant", "pk": 125, "fields": {"sku": "38-1339", "name": "", "price_override": null, "wholesale_override": null, "product": 38, "attributes": "{\"8\": \"21\"}"}}, {"model": "product.productvariant", "pk": 126, "fields": {"sku": "38-1340", "name": "", "price_override": null, "wholesale_override": null, "product": 38, "attributes": "{\"8\": \"20\"}"}}, {"model": "product.productvariant", "pk": 127, "fields": {"sku": "38-1341", "name": "", "price_override": null, "wholesale_override": null, "product": 38, "attributes": "{\"8\": \"19\"}"}}, {"model": "product.productvariant", "pk": 128, "fields": {"sku": "38-1342", "name": "", "price_override": null, "wholesale_override": null, "product": 38, "attributes": "{\"8\": \"18\"}"}}, {"model": "product.productvariant", "pk": 129, "fields": {"sku": "39-1337", "name": "", "price_override": null, "wholesale_override": null, "product": 39, "attributes": "{\"8\": \"23\"}"}}, {"model": "product.productvariant", "pk": 130, "fields": {"sku": "39-1338", "name": "", "price_override": null, "wholesale_override": null, "product": 39, "attributes": "{\"8\": \"22\"}"}}, {"model": "product.productvariant", "pk": 131, "fields": {"sku": "39-1339", "name": "", "price_override": null, "wholesale_override": null, "product": 39, "attributes": "{\"8\": \"21\"}"}}, {"model": "product.productvariant", "pk": 132, "fields": {"sku": "39-1340", "name": "", "price_override": null, "wholesale_override": null, "product": 39, "attributes": "{\"8\": \"20\"}"}}, {"model": "product.productvariant", "pk": 133, "fields": {"sku": "39-1341", "name": "", "price_override": null, "wholesale_override": null, "product": 39, "attributes": "{\"8\": \"19\"}"}}, {"model": "product.productvariant", "pk": 134, "fields": {"sku": "39-1342", "name": "", "price_override": null, "wholesale_override": null, "product": 39, "attributes": "{\"8\": \"18\"}"}}, {"model": "product.productvariant", "pk": 135, "fields": {"sku": "40-1337", "name": "", "price_override": null, "wholesale_override": null, "product": 40, "attributes": "{\"8\": \"23\"}"}}, {"model": "product.productvariant", "pk": 136, "fields": {"sku": "40-1338", "name": "", "price_override": null, "wholesale_override": null, "product": 40, "attributes": "{\"8\": \"22\"}"}}, {"model": "product.productvariant", "pk": 137, "fields": {"sku": "40-1339", "name": "", "price_override": null, "wholesale_override": null, "product": 40, "attributes": "{\"8\": \"21\"}"}}, {"model": "product.productvariant", "pk": 138, "fields": {"sku": "40-1340", "name": "", "price_override": null, "wholesale_override": null, "product": 40, "attributes": "{\"8\": \"20\"}"}}, {"model": "product.productvariant", "pk": 139, "fields": {"sku": "40-1341", "name": "", "price_override": null, "wholesale_override": null, "product": 40, "attributes": "{\"8\": \"19\"}"}}, {"model": "product.productvariant", "pk": 140, "fields": {"sku": "40-1342", "name": "", "price_override": null, "wholesale_override": null, "product": 40, "attributes": "{\"8\": \"18\"}"}}, {"model": "product.productvariant", "pk": 141, "fields": {"sku": "41-1337", "name": "", "price_override": "71.09", "wholesale_override": null, "product": 41, "attributes": "{\"12\": \"31\"}"}}, {"model": "product.productvariant", "pk": 142, "fields": {"sku": "41-1338", "name": "", "price_override": "64.16", "wholesale_override": null, "product": 41, "attributes": "{\"12\": \"30\"}"}}, {"model": "product.productvariant", "pk": 143, "fields": {"sku": "42-1337", "name": "", "price_override": "131.12", "wholesale_override": null, "product": 42, "attributes": "{\"12\": \"31\"}"}}, {"model": "product.productvariant", "pk": 144, "fields": {"sku": "42-1338", "name": "", "price_override": "94.42", "wholesale_override": null, "product": 42, "attributes": "{\"12\": \"30\"}"}}, {"model": "product.productvariant", "pk": 145, "fields": {"sku": "43-1337", "name": "", "price_override": "126.21", "wholesale_override": null, "product": 43, "attributes": "{\"12\": \"31\"}"}}, {"model": "product.productvariant", "pk": 146, "fields": {"sku": "43-1338", "name": "", "price_override": "116.99", "wholesale_override": null, "product": 43, "attributes": "{\"12\": \"30\"}"}}, {"model": "product.productvariant", "pk": 147, "fields": {"sku": "44-1337", "name": "", "price_override": "95.64", "wholesale_override": null, "product": 44, "attributes": "{\"12\": \"31\"}"}}, {"model": "product.productvariant", "pk": 148, "fields": {"sku": "44-1338", "name": "", "price_override": "65.59", "wholesale_override": null, "product": 44, "attributes": "{\"12\": \"30\"}"}}, {"model": "product.productvariant", "pk": 149, "fields": {"sku": "45-1337", "name": "", "price_override": "128.65", "wholesale_override": null, "product": 45, "attributes": "{\"12\": \"31\"}"}}, {"model": "product.productvariant", "pk": 150, "fields": {"sku": "45-1338", "name": "", "price_override": "106.07", "wholesale_override": null, "product": 45, "attributes": "{\"12\": \"30\"}"}}, {"model": "product.productvariant", "pk": 151, "fields": {"sku": "46-1337", "name": "", "price_override": "144.76", "wholesale_override": null, "product": 46, "attributes": "{\"12\": \"31\"}"}}, {"model": "product.productvariant", "pk": 152, "fields": {"sku": "46-1338", "name": "", "price_override": "64.94", "wholesale_override": null, "product": 46, "attributes": "{\"12\": \"30\"}"}}, {"model": "product.productvariant", "pk": 153, "fields": {"sku": "47-1337", "name": "", "price_override": "101.33", "wholesale_override": null, "product": 47, "attributes": "{\"12\": \"31\"}"}}, {"model": "product.productvariant", "pk": 154, "fields": {"sku": "47-1338", "name": "", "price_override": "72.00", "wholesale_override": null, "product": 47, "attributes": "{\"12\": \"30\"}"}}, {"model": "product.productvariant", "pk": 155, "fields": {"sku": "48-1337", "name": "", "price_override": "116.19", "wholesale_override": null, "product": 48, "attributes": "{\"12\": \"31\"}"}}, {"model": "product.productvariant", "pk": 156, "fields": {"sku": "48-1338", "name": "", "price_override": "35.60", "wholesale_override": null, "product": 48, "attributes": "{\"12\": \"30\"}"}}, {"model": "product.productvariant", "pk": 157, "fields": {"sku": "49-1337", "name": "", "price_override": "40.85", "wholesale_override": null, "product": 49, "attributes": "{\"12\": \"31\"}"}}, {"model": "product.productvariant", "pk": 158, "fields": {"sku": "49-1338", "name": "", "price_override": "27.00", "wholesale_override": null, "product": 49, "attributes": "{\"12\": \"30\"}"}}, {"model": "product.productvariant", "pk": 159, "fields": {"sku": "50-1337", "name": "", "price_override": "166.14", "wholesale_override": null, "product": 50, "attributes": "{\"12\": \"31\"}"}}, {"model": "product.productvariant", "pk": 160, "fields": {"sku": "50-1338", "name": "", "price_override": "130.31", "wholesale_override": null, "product": 50, "attributes": "{\"12\": \"30\"}"}}, {"model": "product.productvariant", "pk": 161, "fields": {"sku": "51-1337", "name": "", "price_override": null, "wholesale_override": null, "product": 51, "attributes": "{}"}}, {"model": "product.productvariant", "pk": 162, "fields": {"sku": "52-1337", "name": "", "price_override": null, "wholesale_override": null, "product": 52, "attributes": "{}"}}, {"model": "product.productvariant", "pk": 163, "fields": {"sku": "53-1337", "name": "", "price_override": null, "wholesale_override": null, "product": 53, "attributes": "{}"}}, {"model": "product.productvariant", "pk": 164, "fields": {"sku": "54-1337", "name": "", "price_override": null, "wholesale_override": null, "product": 54, "attributes": "{}"}}, {"model": "product.productvariant", "pk": 165, "fields": {"sku": "55-1337", "name": "", "price_override": null, "wholesale_override": null, "product": 55, "attributes": "{}"}}, {"model": "product.productvariant", "pk": 166, "fields": {"sku": "56-1337", "name": "", "price_override": null, "wholesale_override": null, "product": 56, "attributes": "{}"}}, {"model": "product.productvariant", "pk": 167, "fields": {"sku": "57-1337", "name": "", "price_override": null, "wholesale_override": null, "product": 57, "attributes": "{}"}}, {"model": "product.productvariant", "pk": 168, "fields": {"sku": "58-1337", "name": "", "price_override": null, "wholesale_override": null, "product": 58, "attributes": "{}"}}, {"model": "product.productvariant", "pk": 169, "fields": {"sku": "59-1337", "name": "", "price_override": null, "wholesale_override": null, "product": 59, "attributes": "{}"}}, {"model": "product.productvariant", "pk": 170, "fields": {"sku": "60-1337", "name": "", "price_override": null, "wholesale_override": null, "product": 60, "attributes": "{}"}}, {"model": "product.stocklocation", "pk": 1, "fields": {"name": "default"}}, {"model": "product.stock", "pk": 1, "fields": {"variant": 1, "location": 1, "quantity": 39, "invoice_number": null, "quantity_allocated": 0, "cost_price": null}}, {"model": "product.stock", "pk": 2, "fields": {"variant": 2, "location": 1, "quantity": 42, "invoice_number": null, "quantity_allocated": 0, "cost_price": null}}, {"model": "product.stock", "pk": 3, "fields": {"variant": 3, "location": 1, "quantity": 23, "invoice_number": null, "quantity_allocated": 0, "cost_price": null}}, {"model": "product.stock", "pk": 4, "fields": {"variant": 4, "location": 1, "quantity": 2, "invoice_number": null, "quantity_allocated": 0, "cost_price": null}}, {"model": "product.stock", "pk": 5, "fields": {"variant": 5, "location": 1, "quantity": 8, "invoice_number": null, "quantity_allocated": 0, "cost_price": null}}, {"model": "product.stock", "pk": 6, "fields": {"variant": 6, "location": 1, "quantity": 43, "invoice_number": null, "quantity_allocated": 0, "cost_price": null}}, {"model": "product.stock", "pk": 7, "fields": {"variant": 7, "location": 1, "quantity": 41, "invoice_number": null, "quantity_allocated": 0, "cost_price": null}}, {"model": "product.stock", "pk": 8, "fields": {"variant": 8, "location": 1, "quantity": 13, "invoice_number": null, "quantity_allocated": 0, "cost_price": null}}, {"model": "product.stock", "pk": 9, "fields": {"variant": 9, "location": 1, "quantity": 16, "invoice_number": null, "quantity_allocated": 0, "cost_price": null}}, {"model": "product.stock", "pk": 10, "fields": {"variant": 10, "location": 1, "quantity": 7, "invoice_number": null, "quantity_allocated": 0, "cost_price": null}}, {"model": "product.stock", "pk": 11, "fields": {"variant": 11, "location": 1, "quantity": 1, "invoice_number": null, "quantity_allocated": 0, "cost_price": null}}, {"model": "product.stock", "pk": 12, "fields": {"variant": 12, "location": 1, "quantity": 11, "invoice_number": null, "quantity_allocated": 0, "cost_price": null}}, {"model": "product.stock", "pk": 13, "fields": {"variant": 13, "location": 1, "quantity": 12, "invoice_number": null, "quantity_allocated": 0, "cost_price": null}}, {"model": "product.stock", "pk": 14, "fields": {"variant": 14, "location": 1, "quantity": 43, "invoice_number": null, "quantity_allocated": 0, "cost_price": null}}, {"model": "product.stock", "pk": 15, "fields": {"variant": 15, "location": 1, "quantity": 10, "invoice_number": null, "quantity_allocated": 0, "cost_price": null}}, {"model": "product.stock", "pk": 16, "fields": {"variant": 16, "location": 1, "quantity": 33, "invoice_number": null, "quantity_allocated": 0, "cost_price": null}}, {"model": "product.stock", "pk": 17, "fields": {"variant": 17, "location": 1, "quantity": 39, "invoice_number": null, "quantity_allocated": 0, "cost_price": null}}, {"model": "product.stock", "pk": 18, "fields": {"variant": 18, "location": 1, "quantity": 36, "invoice_number": null, "quantity_allocated": 0, "cost_price": null}}, {"model": "product.stock", "pk": 19, "fields": {"variant": 19, "location": 1, "quantity": 5, "invoice_number": null, "quantity_allocated": 0, "cost_price": null}}, {"model": "product.stock", "pk": 20, "fields": {"variant": 20, "location": 1, "quantity": 5, "invoice_number": null, "quantity_allocated": 0, "cost_price": null}}, {"model": "product.stock", "pk": 21, "fields": {"variant": 21, "location": 1, "quantity": 30, "invoice_number": null, "quantity_allocated": 0, "cost_price": null}}, {"model": "product.stock", "pk": 22, "fields": {"variant": 22, "location": 1, "quantity": 21, "invoice_number": null, "quantity_allocated": 0, "cost_price": null}}, {"model": "product.stock", "pk": 23, "fields": {"variant": 23, "location": 1, "quantity": 30, "invoice_number": null, "quantity_allocated": 0, "cost_price": null}}, {"model": "product.stock", "pk": 24, "fields": {"variant": 24, "location": 1, "quantity": 38, "invoice_number": null, "quantity_allocated": 0, "cost_price": null}}, {"model": "product.stock", "pk": 25, "fields": {"variant": 25, "location": 1, "quantity": 43, "invoice_number": null, "quantity_allocated": 0, "cost_price": null}}, {"model": "product.stock", "pk": 26, "fields": {"variant": 26, "location": 1, "quantity": 28, "invoice_number": null, "quantity_allocated": 0, "cost_price": null}}, {"model": "product.stock", "pk": 27, "fields": {"variant": 27, "location": 1, "quantity": 25, "invoice_number": null, "quantity_allocated": 0, "cost_price": null}}, {"model": "product.stock", "pk": 28, "fields": {"variant": 28, "location": 1, "quantity": 20, "invoice_number": null, "quantity_allocated": 0, "cost_price": null}}, {"model": "product.stock", "pk": 29, "fields": {"variant": 29, "location": 1, "quantity": 24, "invoice_number": null, "quantity_allocated": 0, "cost_price": null}}, {"model": "product.stock", "pk": 30, "fields": {"variant": 30, "location": 1, "quantity": 8, "invoice_number": null, "quantity_allocated": 0, "cost_price": null}}, {"model": "product.stock", "pk": 31, "fields": {"variant": 31, "location": 1, "quantity": 32, "invoice_number": null, "quantity_allocated": 0, "cost_price": null}}, {"model": "product.stock", "pk": 32, "fields": {"variant": 32, "location": 1, "quantity": 5, "invoice_number": null, "quantity_allocated": 0, "cost_price": null}}, {"model": "product.stock", "pk": 33, "fields": {"variant": 33, "location": 1, "quantity": 28, "invoice_number": null, "quantity_allocated": 0, "cost_price": null}}, {"model": "product.stock", "pk": 34, "fields": {"variant": 34, "location": 1, "quantity": 40, "invoice_number": null, "quantity_allocated": 0, "cost_price": null}}, {"model": "product.stock", "pk": 35, "fields": {"variant": 35, "location": 1, "quantity": 5, "invoice_number": null, "quantity_allocated": 0, "cost_price": null}}, {"model": "product.stock", "pk": 36, "fields": {"variant": 36, "location": 1, "quantity": 34, "invoice_number": null, "quantity_allocated": 0, "cost_price": null}}, {"model": "product.stock", "pk": 37, "fields": {"variant": 37, "location": 1, "quantity": 19, "invoice_number": null, "quantity_allocated": 0, "cost_price": null}}, {"model": "product.stock", "pk": 38, "fields": {"variant": 38, "location": 1, "quantity": 6, "invoice_number": null, "quantity_allocated": 0, "cost_price": null}}, {"model": "product.stock", "pk": 39, "fields": {"variant": 39, "location": 1, "quantity": 31, "invoice_number": null, "quantity_allocated": 0, "cost_price": null}}, {"model": "product.stock", "pk": 40, "fields": {"variant": 40, "location": 1, "quantity": 49, "invoice_number": null, "quantity_allocated": 0, "cost_price": null}}, {"model": "product.stock", "pk": 41, "fields": {"variant": 41, "location": 1, "quantity": 3, "invoice_number": null, "quantity_allocated": 0, "cost_price": null}}, {"model": "product.stock", "pk": 42, "fields": {"variant": 42, "location": 1, "quantity": 4, "invoice_number": null, "quantity_allocated": 0, "cost_price": null}}, {"model": "product.stock", "pk": 43, "fields": {"variant": 43, "location": 1, "quantity": 47, "invoice_number": null, "quantity_allocated": 0, "cost_price": null}}, {"model": "product.stock", "pk": 44, "fields": {"variant": 44, "location": 1, "quantity": 5, "invoice_number": null, "quantity_allocated": 0, "cost_price": null}}, {"model": "product.stock", "pk": 45, "fields": {"variant": 45, "location": 1, "quantity": 35, "invoice_number": null, "quantity_allocated": 0, "cost_price": null}}, {"model": "product.stock", "pk": 46, "fields": {"variant": 46, "location": 1, "quantity": 26, "invoice_number": null, "quantity_allocated": 0, "cost_price": null}}, {"model": "product.stock", "pk": 47, "fields": {"variant": 47, "location": 1, "quantity": 37, "invoice_number": null, "quantity_allocated": 0, "cost_price": null}}, {"model": "product.stock", "pk": 48, "fields": {"variant": 48, "location": 1, "quantity": 3, "invoice_number": null, "quantity_allocated": 0, "cost_price": null}}, {"model": "product.stock", "pk": 49, "fields": {"variant": 49, "location": 1, "quantity": 49, "invoice_number": null, "quantity_allocated": 0, "cost_price": null}}, {"model": "product.stock", "pk": 50, "fields": {"variant": 50, "location": 1, "quantity": 9, "invoice_number": null, "quantity_allocated": 0, "cost_price": null}}, {"model": "product.stock", "pk": 51, "fields": {"variant": 51, "location": 1, "quantity": 38, "invoice_number": null, "quantity_allocated": 0, "cost_price": null}}, {"model": "product.stock", "pk": 52, "fields": {"variant": 52, "location": 1, "quantity": 19, "invoice_number": null, "quantity_allocated": 0, "cost_price": null}}, {"model": "product.stock", "pk": 53, "fields": {"variant": 53, "location": 1, "quantity": 47, "invoice_number": null, "quantity_allocated": 0, "cost_price": null}}, {"model": "product.stock", "pk": 54, "fields": {"variant": 54, "location": 1, "quantity": 39, "invoice_number": null, "quantity_allocated": 0, "cost_price": null}}, {"model": "product.stock", "pk": 55, "fields": {"variant": 55, "location": 1, "quantity": 49, "invoice_number": null, "quantity_allocated": 0, "cost_price": null}}, {"model": "product.stock", "pk": 56, "fields": {"variant": 56, "location": 1, "quantity": 36, "invoice_number": null, "quantity_allocated": 0, "cost_price": null}}, {"model": "product.stock", "pk": 57, "fields": {"variant": 57, "location": 1, "quantity": 12, "invoice_number": null, "quantity_allocated": 0, "cost_price": null}}, {"model": "product.stock", "pk": 58, "fields": {"variant": 58, "location": 1, "quantity": 26, "invoice_number": null, "quantity_allocated": 0, "cost_price": null}}, {"model": "product.stock", "pk": 59, "fields": {"variant": 59, "location": 1, "quantity": 23, "invoice_number": null, "quantity_allocated": 0, "cost_price": null}}, {"model": "product.stock", "pk": 60, "fields": {"variant": 60, "location": 1, "quantity": 42, "invoice_number": null, "quantity_allocated": 0, "cost_price": null}}, {"model": "product.stock", "pk": 61, "fields": {"variant": 61, "location": 1, "quantity": 2, "invoice_number": null, "quantity_allocated": 0, "cost_price": null}}, {"model": "product.stock", "pk": 62, "fields": {"variant": 62, "location": 1, "quantity": 17, "invoice_number": null, "quantity_allocated": 0, "cost_price": null}}, {"model": "product.stock", "pk": 63, "fields": {"variant": 63, "location": 1, "quantity": 37, "invoice_number": null, "quantity_allocated": 0, "cost_price": null}}, {"model": "product.stock", "pk": 64, "fields": {"variant": 64, "location": 1, "quantity": 4, "invoice_number": null, "quantity_allocated": 0, "cost_price": null}}, {"model": "product.stock", "pk": 65, "fields": {"variant": 65, "location": 1, "quantity": 44, "invoice_number": null, "quantity_allocated": 0, "cost_price": null}}, {"model": "product.stock", "pk": 66, "fields": {"variant": 66, "location": 1, "quantity": 50, "invoice_number": null, "quantity_allocated": 0, "cost_price": null}}, {"model": "product.stock", "pk": 67, "fields": {"variant": 67, "location": 1, "quantity": 7, "invoice_number": null, "quantity_allocated": 0, "cost_price": null}}, {"model": "product.stock", "pk": 68, "fields": {"variant": 68, "location": 1, "quantity": 27, "invoice_number": null, "quantity_allocated": 0, "cost_price": null}}, {"model": "product.stock", "pk": 69, "fields": {"variant": 69, "location": 1, "quantity": 27, "invoice_number": null, "quantity_allocated": 0, "cost_price": null}}, {"model": "product.stock", "pk": 70, "fields": {"variant": 70, "location": 1, "quantity": 43, "invoice_number": null, "quantity_allocated": 0, "cost_price": null}}, {"model": "product.stock", "pk": 71, "fields": {"variant": 71, "location": 1, "quantity": 16, "invoice_number": null, "quantity_allocated": 0, "cost_price": null}}, {"model": "product.stock", "pk": 72, "fields": {"variant": 72, "location": 1, "quantity": 33, "invoice_number": null, "quantity_allocated": 0, "cost_price": null}}, {"model": "product.stock", "pk": 73, "fields": {"variant": 73, "location": 1, "quantity": 44, "invoice_number": null, "quantity_allocated": 0, "cost_price": null}}, {"model": "product.stock", "pk": 74, "fields": {"variant": 74, "location": 1, "quantity": 23, "invoice_number": null, "quantity_allocated": 0, "cost_price": null}}, {"model": "product.stock", "pk": 75, "fields": {"variant": 75, "location": 1, "quantity": 44, "invoice_number": null, "quantity_allocated": 0, "cost_price": null}}, {"model": "product.stock", "pk": 76, "fields": {"variant": 76, "location": 1, "quantity": 13, "invoice_number": null, "quantity_allocated": 0, "cost_price": null}}, {"model": "product.stock", "pk": 77, "fields": {"variant": 77, "location": 1, "quantity": 17, "invoice_number": null, "quantity_allocated": 0, "cost_price": null}}, {"model": "product.stock", "pk": 78, "fields": {"variant": 78, "location": 1, "quantity": 50, "invoice_number": null, "quantity_allocated": 0, "cost_price": null}}, {"model": "product.stock", "pk": 79, "fields": {"variant": 79, "location": 1, "quantity": 30, "invoice_number": null, "quantity_allocated": 0, "cost_price": null}}, {"model": "product.stock", "pk": 80, "fields": {"variant": 80, "location": 1, "quantity": 22, "invoice_number": null, "quantity_allocated": 0, "cost_price": null}}, {"model": "product.stock", "pk": 81, "fields": {"variant": 81, "location": 1, "quantity": 49, "invoice_number": null, "quantity_allocated": 0, "cost_price": null}}, {"model": "product.stock", "pk": 82, "fields": {"variant": 82, "location": 1, "quantity": 5, "invoice_number": null, "quantity_allocated": 0, "cost_price": null}}, {"model": "product.stock", "pk": 83, "fields": {"variant": 83, "location": 1, "quantity": 6, "invoice_number": null, "quantity_allocated": 0, "cost_price": null}}, {"model": "product.stock", "pk": 84, "fields": {"variant": 84, "location": 1, "quantity": 2, "invoice_number": null, "quantity_allocated": 0, "cost_price": null}}, {"model": "product.stock", "pk": 85, "fields": {"variant": 85, "location": 1, "quantity": 44, "invoice_number": null, "quantity_allocated": 0, "cost_price": null}}, {"model": "product.stock", "pk": 86, "fields": {"variant": 86, "location": 1, "quantity": 46, "invoice_number": null, "quantity_allocated": 0, "cost_price": null}}, {"model": "product.stock", "pk": 87, "fields": {"variant": 87, "location": 1, "quantity": 31, "invoice_number": null, "quantity_allocated": 0, "cost_price": null}}, {"model": "product.stock", "pk": 88, "fields": {"variant": 88, "location": 1, "quantity": 39, "invoice_number": null, "quantity_allocated": 0, "cost_price": null}}, {"model": "product.stock", "pk": 89, "fields": {"variant": 89, "location": 1, "quantity": 21, "invoice_number": null, "quantity_allocated": 0, "cost_price": null}}, {"model": "product.stock", "pk": 90, "fields": {"variant": 90, "location": 1, "quantity": 49, "invoice_number": null, "quantity_allocated": 0, "cost_price": null}}, {"model": "product.stock", "pk": 91, "fields": {"variant": 91, "location": 1, "quantity": 32, "invoice_number": null, "quantity_allocated": 0, "cost_price": null}}, {"model": "product.stock", "pk": 92, "fields": {"variant": 92, "location": 1, "quantity": 11, "invoice_number": null, "quantity_allocated": 0, "cost_price": null}}, {"model": "product.stock", "pk": 93, "fields": {"variant": 93, "location": 1, "quantity": 50, "invoice_number": null, "quantity_allocated": 0, "cost_price": null}}, {"model": "product.stock", "pk": 94, "fields": {"variant": 94, "location": 1, "quantity": 49, "invoice_number": null, "quantity_allocated": 0, "cost_price": null}}, {"model": "product.stock", "pk": 95, "fields": {"variant": 95, "location": 1, "quantity": 1, "invoice_number": null, "quantity_allocated": 0, "cost_price": null}}, {"model": "product.stock", "pk": 96, "fields": {"variant": 96, "location": 1, "quantity": 37, "invoice_number": null, "quantity_allocated": 0, "cost_price": null}}, {"model": "product.stock", "pk": 97, "fields": {"variant": 97, "location": 1, "quantity": 45, "invoice_number": null, "quantity_allocated": 0, "cost_price": null}}, {"model": "product.stock", "pk": 98, "fields": {"variant": 98, "location": 1, "quantity": 29, "invoice_number": null, "quantity_allocated": 0, "cost_price": null}}, {"model": "product.stock", "pk": 99, "fields": {"variant": 99, "location": 1, "quantity": 25, "invoice_number": null, "quantity_allocated": 0, "cost_price": null}}, {"model": "product.stock", "pk": 100, "fields": {"variant": 100, "location": 1, "quantity": 8, "invoice_number": null, "quantity_allocated": 0, "cost_price": null}}, {"model": "product.stock", "pk": 101, "fields": {"variant": 101, "location": 1, "quantity": 41, "invoice_number": null, "quantity_allocated": 0, "cost_price": null}}, {"model": "product.stock", "pk": 102, "fields": {"variant": 102, "location": 1, "quantity": 26, "invoice_number": null, "quantity_allocated": 0, "cost_price": null}}, {"model": "product.stock", "pk": 103, "fields": {"variant": 103, "location": 1, "quantity": 40, "invoice_number": null, "quantity_allocated": 0, "cost_price": null}}, {"model": "product.stock", "pk": 104, "fields": {"variant": 104, "location": 1, "quantity": 41, "invoice_number": null, "quantity_allocated": 0, "cost_price": null}}, {"model": "product.stock", "pk": 105, "fields": {"variant": 105, "location": 1, "quantity": 6, "invoice_number": null, "quantity_allocated": 0, "cost_price": null}}, {"model": "product.stock", "pk": 106, "fields": {"variant": 106, "location": 1, "quantity": 30, "invoice_number": null, "quantity_allocated": 0, "cost_price": null}}, {"model": "product.stock", "pk": 107, "fields": {"variant": 107, "location": 1, "quantity": 6, "invoice_number": null, "quantity_allocated": 0, "cost_price": null}}, {"model": "product.stock", "pk": 108, "fields": {"variant": 108, "location": 1, "quantity": 34, "invoice_number": null, "quantity_allocated": 0, "cost_price": null}}, {"model": "product.stock", "pk": 109, "fields": {"variant": 109, "location": 1, "quantity": 47, "invoice_number": null, "quantity_allocated": 0, "cost_price": null}}, {"model": "product.stock", "pk": 110, "fields": {"variant": 110, "location": 1, "quantity": 20, "invoice_number": null, "quantity_allocated": 0, "cost_price": null}}, {"model": "product.stock", "pk": 111, "fields": {"variant": 111, "location": 1, "quantity": 41, "invoice_number": null, "quantity_allocated": 0, "cost_price": null}}, {"model": "product.stock", "pk": 112, "fields": {"variant": 112, "location": 1, "quantity": 37, "invoice_number": null, "quantity_allocated": 0, "cost_price": null}}, {"model": "product.stock", "pk": 113, "fields": {"variant": 113, "location": 1, "quantity": 27, "invoice_number": null, "quantity_allocated": 0, "cost_price": null}}, {"model": "product.stock", "pk": 114, "fields": {"variant": 114, "location": 1, "quantity": 48, "invoice_number": null, "quantity_allocated": 0, "cost_price": null}}, {"model": "product.stock", "pk": 115, "fields": {"variant": 115, "location": 1, "quantity": 25, "invoice_number": null, "quantity_allocated": 0, "cost_price": null}}, {"model": "product.stock", "pk": 116, "fields": {"variant": 116, "location": 1, "quantity": 38, "invoice_number": null, "quantity_allocated": 0, "cost_price": null}}, {"model": "product.stock", "pk": 117, "fields": {"variant": 117, "location": 1, "quantity": 16, "invoice_number": null, "quantity_allocated": 0, "cost_price": null}}, {"model": "product.stock", "pk": 118, "fields": {"variant": 118, "location": 1, "quantity": 29, "invoice_number": null, "quantity_allocated": 0, "cost_price": null}}, {"model": "product.stock", "pk": 119, "fields": {"variant": 119, "location": 1, "quantity": 5, "invoice_number": null, "quantity_allocated": 0, "cost_price": null}}, {"model": "product.stock", "pk": 120, "fields": {"variant": 120, "location": 1, "quantity": 3, "invoice_number": null, "quantity_allocated": 0, "cost_price": null}}, {"model": "product.stock", "pk": 121, "fields": {"variant": 121, "location": 1, "quantity": 39, "invoice_number": null, "quantity_allocated": 0, "cost_price": null}}, {"model": "product.stock", "pk": 122, "fields": {"variant": 122, "location": 1, "quantity": 23, "invoice_number": null, "quantity_allocated": 0, "cost_price": null}}, {"model": "product.stock", "pk": 123, "fields": {"variant": 123, "location": 1, "quantity": 10, "invoice_number": null, "quantity_allocated": 0, "cost_price": null}}, {"model": "product.stock", "pk": 124, "fields": {"variant": 124, "location": 1, "quantity": 21, "invoice_number": null, "quantity_allocated": 0, "cost_price": null}}, {"model": "product.stock", "pk": 125, "fields": {"variant": 125, "location": 1, "quantity": 24, "invoice_number": null, "quantity_allocated": 0, "cost_price": null}}, {"model": "product.stock", "pk": 126, "fields": {"variant": 126, "location": 1, "quantity": 35, "invoice_number": null, "quantity_allocated": 0, "cost_price": null}}, {"model": "product.stock", "pk": 127, "fields": {"variant": 127, "location": 1, "quantity": 2, "invoice_number": null, "quantity_allocated": 0, "cost_price": null}}, {"model": "product.stock", "pk": 128, "fields": {"variant": 128, "location": 1, "quantity": 19, "invoice_number": null, "quantity_allocated": 0, "cost_price": null}}, {"model": "product.stock", "pk": 129, "fields": {"variant": 129, "location": 1, "quantity": 28, "invoice_number": null, "quantity_allocated": 0, "cost_price": null}}, {"model": "product.stock", "pk": 130, "fields": {"variant": 130, "location": 1, "quantity": 19, "invoice_number": null, "quantity_allocated": 0, "cost_price": null}}, {"model": "product.stock", "pk": 131, "fields": {"variant": 131, "location": 1, "quantity": 8, "invoice_number": null, "quantity_allocated": 0, "cost_price": null}}, {"model": "product.stock", "pk": 132, "fields": {"variant": 132, "location": 1, "quantity": 39, "invoice_number": null, "quantity_allocated": 0, "cost_price": null}}, {"model": "product.stock", "pk": 133, "fields": {"variant": 133, "location": 1, "quantity": 50, "invoice_number": null, "quantity_allocated": 0, "cost_price": null}}, {"model": "product.stock", "pk": 134, "fields": {"variant": 134, "location": 1, "quantity": 40, "invoice_number": null, "quantity_allocated": 0, "cost_price": null}}, {"model": "product.stock", "pk": 135, "fields": {"variant": 135, "location": 1, "quantity": 12, "invoice_number": null, "quantity_allocated": 0, "cost_price": null}}, {"model": "product.stock", "pk": 136, "fields": {"variant": 136, "location": 1, "quantity": 33, "invoice_number": null, "quantity_allocated": 0, "cost_price": null}}, {"model": "product.stock", "pk": 137, "fields": {"variant": 137, "location": 1, "quantity": 24, "invoice_number": null, "quantity_allocated": 0, "cost_price": null}}, {"model": "product.stock", "pk": 138, "fields": {"variant": 138, "location": 1, "quantity": 40, "invoice_number": null, "quantity_allocated": 0, "cost_price": null}}, {"model": "product.stock", "pk": 139, "fields": {"variant": 139, "location": 1, "quantity": 12, "invoice_number": null, "quantity_allocated": 0, "cost_price": null}}, {"model": "product.stock", "pk": 140, "fields": {"variant": 140, "location": 1, "quantity": 47, "invoice_number": null, "quantity_allocated": 0, "cost_price": null}}, {"model": "product.stock", "pk": 141, "fields": {"variant": 141, "location": 1, "quantity": 40, "invoice_number": null, "quantity_allocated": 0, "cost_price": null}}, {"model": "product.stock", "pk": 142, "fields": {"variant": 142, "location": 1, "quantity": 23, "invoice_number": null, "quantity_allocated": 0, "cost_price": null}}, {"model": "product.stock", "pk": 143, "fields": {"variant": 143, "location": 1, "quantity": 29, "invoice_number": null, "quantity_allocated": 0, "cost_price": null}}, {"model": "product.stock", "pk": 144, "fields": {"variant": 144, "location": 1, "quantity": 35, "invoice_number": null, "quantity_allocated": 0, "cost_price": null}}, {"model": "product.stock", "pk": 145, "fields": {"variant": 145, "location": 1, "quantity": 42, "invoice_number": null, "quantity_allocated": 0, "cost_price": null}}, {"model": "product.stock", "pk": 146, "fields": {"variant": 146, "location": 1, "quantity": 42, "invoice_number": null, "quantity_allocated": 0, "cost_price": null}}, {"model": "product.stock", "pk": 147, "fields": {"variant": 147, "location": 1, "quantity": 28, "invoice_number": null, "quantity_allocated": 0, "cost_price": null}}, {"model": "product.stock", "pk": 148, "fields": {"variant": 148, "location": 1, "quantity": 29, "invoice_number": null, "quantity_allocated": 0, "cost_price": null}}, {"model": "product.stock", "pk": 149, "fields": {"variant": 149, "location": 1, "quantity": 22, "invoice_number": null, "quantity_allocated": 0, "cost_price": null}}, {"model": "product.stock", "pk": 150, "fields": {"variant": 150, "location": 1, "quantity": 23, "invoice_number": null, "quantity_allocated": 0, "cost_price": null}}, {"model": "product.stock", "pk": 151, "fields": {"variant": 151, "location": 1, "quantity": 49, "invoice_number": null, "quantity_allocated": 0, "cost_price": null}}, {"model": "product.stock", "pk": 152, "fields": {"variant": 152, "location": 1, "quantity": 38, "invoice_number": null, "quantity_allocated": 0, "cost_price": null}}, {"model": "product.stock", "pk": 153, "fields": {"variant": 153, "location": 1, "quantity": 6, "invoice_number": null, "quantity_allocated": 0, "cost_price": null}}, {"model": "product.stock", "pk": 154, "fields": {"variant": 154, "location": 1, "quantity": 16, "invoice_number": null, "quantity_allocated": 0, "cost_price": null}}, {"model": "product.stock", "pk": 155, "fields": {"variant": 155, "location": 1, "quantity": 26, "invoice_number": null, "quantity_allocated": 0, "cost_price": null}}, {"model": "product.stock", "pk": 156, "fields": {"variant": 156, "location": 1, "quantity": 47, "invoice_number": null, "quantity_allocated": 0, "cost_price": null}}, {"model": "product.stock", "pk": 157, "fields": {"variant": 157, "location": 1, "quantity": 31, "invoice_number": null, "quantity_allocated": 0, "cost_price": null}}, {"model": "product.stock", "pk": 158, "fields": {"variant": 158, "location": 1, "quantity": 44, "invoice_number": null, "quantity_allocated": 0, "cost_price": null}}, {"model": "product.stock", "pk": 159, "fields": {"variant": 159, "location": 1, "quantity": 36, "invoice_number": null, "quantity_allocated": 0, "cost_price": null}}, {"model": "product.stock", "pk": 160, "fields": {"variant": 160, "location": 1, "quantity": 37, "invoice_number": null, "quantity_allocated": 0, "cost_price": null}}, {"model": "product.stock", "pk": 161, "fields": {"variant": 161, "location": 1, "quantity": 6, "invoice_number": null, "quantity_allocated": 0, "cost_price": null}}, {"model": "product.stock", "pk": 162, "fields": {"variant": 162, "location": 1, "quantity": 29, "invoice_number": null, "quantity_allocated": 0, "cost_price": null}}, {"model": "product.stock", "pk": 163, "fields": {"variant": 163, "location": 1, "quantity": 42, "invoice_number": null, "quantity_allocated": 0, "cost_price": null}}, {"model": "product.stock", "pk": 164, "fields": {"variant": 164, "location": 1, "quantity": 33, "invoice_number": null, "quantity_allocated": 0, "cost_price": null}}, {"model": "product.stock", "pk": 165, "fields": {"variant": 165, "location": 1, "quantity": 27, "invoice_number": null, "quantity_allocated": 0, "cost_price": null}}, {"model": "product.stock", "pk": 166, "fields": {"variant": 166, "location": 1, "quantity": 35, "invoice_number": null, "quantity_allocated": 0, "cost_price": null}}, {"model": "product.stock", "pk": 167, "fields": {"variant": 167, "location": 1, "quantity": 24, "invoice_number": null, "quantity_allocated": 0, "cost_price": null}}, {"model": "product.stock", "pk": 168, "fields": {"variant": 168, "location": 1, "quantity": 6, "invoice_number": null, "quantity_allocated": 0, "cost_price": null}}, {"model": "product.stock", "pk": 169, "fields": {"variant": 169, "location": 1, "quantity": 20, "invoice_number": null, "quantity_allocated": 0, "cost_price": null}}, {"model": "product.stock", "pk": 170, "fields": {"variant": 170, "location": 1, "quantity": 2, "invoice_number": null, "quantity_allocated": 0, "cost_price": null}}, {"model": "product.productattribute", "pk": 1, "fields": {"slug": "brand", "name": "Brand"}}, {"model": "product.productattribute", "pk": 2, "fields": {"slug": "coffee-genre", "name": "Coffee Genre"}}, {"model": "product.productattribute", "pk": 3, "fields": {"slug": "box-size", "name": "Box Size"}}, {"model": "product.productattribute", "pk": 4, "fields": {"slug": "flavor", "name": "Flavor"}}, {"model": "product.productattribute", "pk": 5, "fields": {"slug": "candy-box-size", "name": "Candy Box Size"}}, {"model": "product.productattribute", "pk": 6, "fields": {"slug": "color", "name": "Color"}}, {"model": "product.productattribute", "pk": 7, "fields": {"slug": "collar", "name": "Collar"}}, {"model": "product.productattribute", "pk": 8, "fields": {"slug": "size", "name": "Size"}}, {"model": "product.productattribute", "pk": 9, "fields": {"slug": "publisher", "name": "Publisher"}}, {"model": "product.productattribute", "pk": 10, "fields": {"slug": "language", "name": "Language"}}, {"model": "product.productattribute", "pk": 11, "fields": {"slug": "author", "name": "Author"}}, {"model": "product.productattribute", "pk": 12, "fields": {"slug": "cover", "name": "Cover"}}, {"model": "product.attributechoicevalue", "pk": 1, "fields": {"name": "Saleor", "slug": "saleor", "color": "", "attribute": 1}}, {"model": "product.attributechoicevalue", "pk": 2, "fields": {"name": "Arabica", "slug": "arabica", "color": "", "attribute": 2}}, {"model": "product.attributechoicevalue", "pk": 3, "fields": {"name": "Robusta", "slug": "robusta", "color": "", "attribute": 2}}, {"model": "product.attributechoicevalue", "pk": 4, "fields": {"name": "100g", "slug": "100g", "color": "", "attribute": 3}}, {"model": "product.attributechoicevalue", "pk": 5, "fields": {"name": "250g", "slug": "250g", "color": "", "attribute": 3}}, {"model": "product.attributechoicevalue", "pk": 6, "fields": {"name": "500g", "slug": "500g", "color": "", "attribute": 3}}, {"model": "product.attributechoicevalue", "pk": 7, "fields": {"name": "1kg", "slug": "1kg", "color": "", "attribute": 3}}, {"model": "product.attributechoicevalue", "pk": 8, "fields": {"name": "Sour", "slug": "sour", "color": "", "attribute": 4}}, {"model": "product.attributechoicevalue", "pk": 9, "fields": {"name": "Sweet", "slug": "sweet", "color": "", "attribute": 4}}, {"model": "product.attributechoicevalue", "pk": 10, "fields": {"name": "100g", "slug": "100g", "color": "", "attribute": 5}}, {"model": "product.attributechoicevalue", "pk": 11, "fields": {"name": "250g", "slug": "250g", "color": "", "attribute": 5}}, {"model": "product.attributechoicevalue", "pk": 12, "fields": {"name": "500g", "slug": "500g", "color": "", "attribute": 5}}, {"model": "product.attributechoicevalue", "pk": 13, "fields": {"name": "Blue", "slug": "blue", "color": "", "attribute": 6}}, {"model": "product.attributechoicevalue", "pk": 14, "fields": {"name": "White", "slug": "white", "color": "", "attribute": 6}}, {"model": "product.attributechoicevalue", "pk": 15, "fields": {"name": "Round", "slug": "round", "color": "", "attribute": 7}}, {"model": "product.attributechoicevalue", "pk": 16, "fields": {"name": "V-Neck", "slug": "v-neck", "color": "", "attribute": 7}}, {"model": "product.attributechoicevalue", "pk": 17, "fields": {"name": "Polo", "slug": "polo", "color": "", "attribute": 7}}, {"model": "product.attributechoicevalue", "pk": 18, "fields": {"name": "XS", "slug": "xs", "color": "", "attribute": 8}}, {"model": "product.attributechoicevalue", "pk": 19, "fields": {"name": "S", "slug": "s", "color": "", "attribute": 8}}, {"model": "product.attributechoicevalue", "pk": 20, "fields": {"name": "M", "slug": "m", "color": "", "attribute": 8}}, {"model": "product.attributechoicevalue", "pk": 21, "fields": {"name": "L", "slug": "l", "color": "", "attribute": 8}}, {"model": "product.attributechoicevalue", "pk": 22, "fields": {"name": "XL", "slug": "xl", "color": "", "attribute": 8}}, {"model": "product.attributechoicevalue", "pk": 23, "fields": {"name": "XXL", "slug": "xxl", "color": "", "attribute": 8}}, {"model": "product.attributechoicevalue", "pk": 24, "fields": {"name": "Mirumee Press", "slug": "mirumee-press", "color": "", "attribute": 9}}, {"model": "product.attributechoicevalue", "pk": 25, "fields": {"name": "Saleor Publishing", "slug": "saleor-publishing", "color": "", "attribute": 9}}, {"model": "product.attributechoicevalue", "pk": 26, "fields": {"name": "English", "slug": "english", "color": "", "attribute": 10}}, {"model": "product.attributechoicevalue", "pk": 27, "fields": {"name": "Pirate", "slug": "pirate", "color": "", "attribute": 10}}, {"model": "product.attributechoicevalue", "pk": 28, "fields": {"name": "John Doe", "slug": "john-doe", "color": "", "attribute": 11}}, {"model": "product.attributechoicevalue", "pk": 29, "fields": {"name": "Milionare Pirate", "slug": "milionare-pirate", "color": "", "attribute": 11}}, {"model": "product.attributechoicevalue", "pk": 30, "fields": {"name": "Soft", "slug": "soft", "color": "", "attribute": 12}}, {"model": "product.attributechoicevalue", "pk": 31, "fields": {"name": "Hard", "slug": "hard", "color": "", "attribute": 12}}, {"model": "product.productimage", "pk": 1, "fields": {"product": 1, "image": "products/saleor/static/placeholders/coffee/8_TY99gws.jpg", "ppoi": "0.5x0.5", "alt": "", "order": 0}}, {"model": "product.productimage", "pk": 2, "fields": {"product": 1, "image": "products/saleor/static/placeholders/coffee/8_wtUVjFY.jpg", "ppoi": "0.5x0.5", "alt": "", "order": 1}}, {"model": "product.productimage", "pk": 3, "fields": {"product": 1, "image": "products/saleor/static/placeholders/coffee/coffee_02_wFWkwq7.jpg", "ppoi": "0.5x0.5", "alt": "", "order": 2}}, {"model": "product.productimage", "pk": 4, "fields": {"product": 1, "image": "products/saleor/static/placeholders/coffee/coffee_04_bTH3zMe.jpg", "ppoi": "0.5x0.5", "alt": "", "order": 3}}, {"model": "product.productimage", "pk": 5, "fields": {"product": 2, "image": "products/saleor/static/placeholders/coffee/8_XQb0uAw.jpg", "ppoi": "0.5x0.5", "alt": "", "order": 0}}, {"model": "product.productimage", "pk": 6, "fields": {"product": 2, "image": "products/saleor/static/placeholders/coffee/8_jrMHx10.jpg", "ppoi": "0.5x0.5", "alt": "", "order": 1}}, {"model": "product.productimage", "pk": 7, "fields": {"product": 2, "image": "products/saleor/static/placeholders/coffee/coffee_03_Vn3J2FS.jpg", "ppoi": "0.5x0.5", "alt": "", "order": 2}}, {"model": "product.productimage", "pk": 8, "fields": {"product": 2, "image": "products/saleor/static/placeholders/coffee/coffee_01_4z4hoTz.jpg", "ppoi": "0.5x0.5", "alt": "", "order": 3}}, {"model": "product.productimage", "pk": 9, "fields": {"product": 3, "image": "products/saleor/static/placeholders/coffee/coffee_01_9QCRFLo.jpg", "ppoi": "0.5x0.5", "alt": "", "order": 0}}, {"model": "product.productimage", "pk": 10, "fields": {"product": 3, "image": "products/saleor/static/placeholders/coffee/coffee_01_KQI5wj6.jpg", "ppoi": "0.5x0.5", "alt": "", "order": 1}}, {"model": "product.productimage", "pk": 11, "fields": {"product": 4, "image": "products/saleor/static/placeholders/coffee/coffee_03_7zXfrzt.jpg", "ppoi": "0.5x0.5", "alt": "", "order": 0}}, {"model": "product.productimage", "pk": 12, "fields": {"product": 4, "image": "products/saleor/static/placeholders/coffee/coffee_03_S2GIpWf.jpg", "ppoi": "0.5x0.5", "alt": "", "order": 1}}, {"model": "product.productimage", "pk": 13, "fields": {"product": 5, "image": "products/saleor/static/placeholders/coffee/coffee_03_dnfRqDF.jpg", "ppoi": "0.5x0.5", "alt": "", "order": 0}}, {"model": "product.productimage", "pk": 14, "fields": {"product": 5, "image": "products/saleor/static/placeholders/coffee/coffee_01_Cf0bEB2.jpg", "ppoi": "0.5x0.5", "alt": "", "order": 1}}, {"model": "product.productimage", "pk": 15, "fields": {"product": 6, "image": "products/saleor/static/placeholders/coffee/8_qJK8W5G.jpg", "ppoi": "0.5x0.5", "alt": "", "order": 0}}, {"model": "product.productimage", "pk": 16, "fields": {"product": 6, "image": "products/saleor/static/placeholders/coffee/coffee_04_XHC4UZ6.jpg", "ppoi": "0.5x0.5", "alt": "", "order": 1}}, {"model": "product.productimage", "pk": 17, "fields": {"product": 7, "image": "products/saleor/static/placeholders/coffee/coffee_02_OSPWV4Y.jpg", "ppoi": "0.5x0.5", "alt": "", "order": 0}}, {"model": "product.productimage", "pk": 18, "fields": {"product": 7, "image": "products/saleor/static/placeholders/coffee/coffee_03_2JIEr3I.jpg", "ppoi": "0.5x0.5", "alt": "", "order": 1}}, {"model": "product.productimage", "pk": 19, "fields": {"product": 7, "image": "products/saleor/static/placeholders/coffee/coffee_03_bkSdFvd.jpg", "ppoi": "0.5x0.5", "alt": "", "order": 2}}, {"model": "product.productimage", "pk": 20, "fields": {"product": 8, "image": "products/saleor/static/placeholders/coffee/coffee_02_gjHhhmT.jpg", "ppoi": "0.5x0.5", "alt": "", "order": 0}}, {"model": "product.productimage", "pk": 21, "fields": {"product": 8, "image": "products/saleor/static/placeholders/coffee/8_zGeDRSb.jpg", "ppoi": "0.5x0.5", "alt": "", "order": 1}}, {"model": "product.productimage", "pk": 22, "fields": {"product": 8, "image": "products/saleor/static/placeholders/coffee/coffee_01_f0vQdnE.jpg", "ppoi": "0.5x0.5", "alt": "", "order": 2}}, {"model": "product.productimage", "pk": 23, "fields": {"product": 9, "image": "products/saleor/static/placeholders/coffee/coffee_03_KdlPjky.jpg", "ppoi": "0.5x0.5", "alt": "", "order": 0}}, {"model": "product.productimage", "pk": 24, "fields": {"product": 9, "image": "products/saleor/static/placeholders/coffee/coffee_02_2Re9xui.jpg", "ppoi": "0.5x0.5", "alt": "", "order": 1}}, {"model": "product.productimage", "pk": 25, "fields": {"product": 9, "image": "products/saleor/static/placeholders/coffee/8_TC1NLar.jpg", "ppoi": "0.5x0.5", "alt": "", "order": 2}}, {"model": "product.productimage", "pk": 26, "fields": {"product": 10, "image": "products/saleor/static/placeholders/coffee/coffee_02_dMB59Hj.jpg", "ppoi": "0.5x0.5", "alt": "", "order": 0}}, {"model": "product.productimage", "pk": 27, "fields": {"product": 11, "image": "products/saleor/static/placeholders/mugs/box_01_Z3SiXcP.jpg", "ppoi": "0.5x0.5", "alt": "", "order": 0}}, {"model": "product.productimage", "pk": 28, "fields": {"product": 11, "image": "products/saleor/static/placeholders/mugs/7_TnXVKNP.jpg", "ppoi": "0.5x0.5", "alt": "", "order": 1}}, {"model": "product.productimage", "pk": 29, "fields": {"product": 11, "image": "products/saleor/static/placeholders/mugs/4_TXAwDtT.jpg", "ppoi": "0.5x0.5", "alt": "", "order": 2}}, {"model": "product.productimage", "pk": 30, "fields": {"product": 11, "image": "products/saleor/static/placeholders/mugs/3_NFm7edl.jpg", "ppoi": "0.5x0.5", "alt": "", "order": 3}}, {"model": "product.productimage", "pk": 31, "fields": {"product": 12, "image": "products/saleor/static/placeholders/mugs/7_Nz1Cvza.jpg", "ppoi": "0.5x0.5", "alt": "", "order": 0}}, {"model": "product.productimage", "pk": 32, "fields": {"product": 12, "image": "products/saleor/static/placeholders/mugs/7_YdSN6Tv.jpg", "ppoi": "0.5x0.5", "alt": "", "order": 1}}, {"model": "product.productimage", "pk": 33, "fields": {"product": 12, "image": "products/saleor/static/placeholders/mugs/4_XYNzw0S.jpg", "ppoi": "0.5x0.5", "alt": "", "order": 2}}, {"model": "product.productimage", "pk": 34, "fields": {"product": 13, "image": "products/saleor/static/placeholders/mugs/7_8tATkz7.jpg", "ppoi": "0.5x0.5", "alt": "", "order": 0}}, {"model": "product.productimage", "pk": 35, "fields": {"product": 14, "image": "products/saleor/static/placeholders/mugs/4_PllYogd.jpg", "ppoi": "0.5x0.5", "alt": "", "order": 0}}, {"model": "product.productimage", "pk": 36, "fields": {"product": 14, "image": "products/saleor/static/placeholders/mugs/3_3gZyK27.jpg", "ppoi": "0.5x0.5", "alt": "", "order": 1}}, {"model": "product.productimage", "pk": 37, "fields": {"product": 15, "image": "products/saleor/static/placeholders/mugs/4_6MfqwZd.jpg", "ppoi": "0.5x0.5", "alt": "", "order": 0}}, {"model": "product.productimage", "pk": 38, "fields": {"product": 15, "image": "products/saleor/static/placeholders/mugs/3_x5TCNQa.jpg", "ppoi": "0.5x0.5", "alt": "", "order": 1}}, {"model": "product.productimage", "pk": 39, "fields": {"product": 16, "image": "products/saleor/static/placeholders/mugs/4_S9Me2CU.jpg", "ppoi": "0.5x0.5", "alt": "", "order": 0}}, {"model": "product.productimage", "pk": 40, "fields": {"product": 17, "image": "products/saleor/static/placeholders/mugs/4_IpfBhIT.jpg", "ppoi": "0.5x0.5", "alt": "", "order": 0}}, {"model": "product.productimage", "pk": 41, "fields": {"product": 17, "image": "products/saleor/static/placeholders/mugs/3_CTRHEfb.jpg", "ppoi": "0.5x0.5", "alt": "", "order": 1}}, {"model": "product.productimage", "pk": 42, "fields": {"product": 18, "image": "products/saleor/static/placeholders/mugs/4_Ftj0T3p.jpg", "ppoi": "0.5x0.5", "alt": "", "order": 0}}, {"model": "product.productimage", "pk": 43, "fields": {"product": 19, "image": "products/saleor/static/placeholders/mugs/3_RAAuTBu.jpg", "ppoi": "0.5x0.5", "alt": "", "order": 0}}, {"model": "product.productimage", "pk": 44, "fields": {"product": 20, "image": "products/saleor/static/placeholders/mugs/box_01_wbu47Us.jpg", "ppoi": "0.5x0.5", "alt": "", "order": 0}}, {"model": "product.productimage", "pk": 45, "fields": {"product": 20, "image": "products/saleor/static/placeholders/mugs/box_01_4zVQ9UI.jpg", "ppoi": "0.5x0.5", "alt": "", "order": 1}}, {"model": "product.productimage", "pk": 46, "fields": {"product": 21, "image": "products/saleor/static/placeholders/candy/1_a1bJk6a.jpg", "ppoi": "0.5x0.5", "alt": "", "order": 0}}, {"model": "product.productimage", "pk": 47, "fields": {"product": 21, "image": "products/saleor/static/placeholders/candy/1_oHTqe3x.jpg", "ppoi": "0.5x0.5", "alt": "", "order": 1}}, {"model": "product.productimage", "pk": 48, "fields": {"product": 21, "image": "products/saleor/static/placeholders/candy/2_PGZ2Q0Y.jpg", "ppoi": "0.5x0.5", "alt": "", "order": 2}}, {"model": "product.productimage", "pk": 49, "fields": {"product": 21, "image": "products/saleor/static/placeholders/candy/1_6DJUUWV.jpg", "ppoi": "0.5x0.5", "alt": "", "order": 3}}, {"model": "product.productimage", "pk": 50, "fields": {"product": 22, "image": "products/saleor/static/placeholders/candy/2_uqWcxvJ.jpg", "ppoi": "0.5x0.5", "alt": "", "order": 0}}, {"model": "product.productimage", "pk": 51, "fields": {"product": 22, "image": "products/saleor/static/placeholders/candy/2_5SMq0hB.jpg", "ppoi": "0.5x0.5", "alt": "", "order": 1}}, {"model": "product.productimage", "pk": 52, "fields": {"product": 23, "image": "products/saleor/static/placeholders/candy/2_aCma6EP.jpg", "ppoi": "0.5x0.5", "alt": "", "order": 0}}, {"model": "product.productimage", "pk": 53, "fields": {"product": 23, "image": "products/saleor/static/placeholders/candy/1_5fxunxb.jpg", "ppoi": "0.5x0.5", "alt": "", "order": 1}}, {"model": "product.productimage", "pk": 54, "fields": {"product": 23, "image": "products/saleor/static/placeholders/candy/2_HGt7r1L.jpg", "ppoi": "0.5x0.5", "alt": "", "order": 2}}, {"model": "product.productimage", "pk": 55, "fields": {"product": 24, "image": "products/saleor/static/placeholders/candy/1_Crq9QC4.jpg", "ppoi": "0.5x0.5", "alt": "", "order": 0}}, {"model": "product.productimage", "pk": 56, "fields": {"product": 25, "image": "products/saleor/static/placeholders/candy/1_5egruir.jpg", "ppoi": "0.5x0.5", "alt": "", "order": 0}}, {"model": "product.productimage", "pk": 57, "fields": {"product": 26, "image": "products/saleor/static/placeholders/candy/1_pOyCDQm.jpg", "ppoi": "0.5x0.5", "alt": "", "order": 0}}, {"model": "product.productimage", "pk": 58, "fields": {"product": 26, "image": "products/saleor/static/placeholders/candy/2_CjpvRZb.jpg", "ppoi": "0.5x0.5", "alt": "", "order": 1}}, {"model": "product.productimage", "pk": 59, "fields": {"product": 27, "image": "products/saleor/static/placeholders/candy/1_52ZATGm.jpg", "ppoi": "0.5x0.5", "alt": "", "order": 0}}, {"model": "product.productimage", "pk": 60, "fields": {"product": 27, "image": "products/saleor/static/placeholders/candy/1_OWG8csP.jpg", "ppoi": "0.5x0.5", "alt": "", "order": 1}}, {"model": "product.productimage", "pk": 61, "fields": {"product": 27, "image": "products/saleor/static/placeholders/candy/2_sOJJTTC.jpg", "ppoi": "0.5x0.5", "alt": "", "order": 2}}, {"model": "product.productimage", "pk": 62, "fields": {"product": 28, "image": "products/saleor/static/placeholders/candy/2_x0RK7oT.jpg", "ppoi": "0.5x0.5", "alt": "", "order": 0}}, {"model": "product.productimage", "pk": 63, "fields": {"product": 28, "image": "products/saleor/static/placeholders/candy/2_fymA9GB.jpg", "ppoi": "0.5x0.5", "alt": "", "order": 1}}, {"model": "product.productimage", "pk": 64, "fields": {"product": 28, "image": "products/saleor/static/placeholders/candy/2_ZrbRZll.jpg", "ppoi": "0.5x0.5", "alt": "", "order": 2}}, {"model": "product.productimage", "pk": 65, "fields": {"product": 28, "image": "products/saleor/static/placeholders/candy/1_oQFYR6F.jpg", "ppoi": "0.5x0.5", "alt": "", "order": 3}}, {"model": "product.productimage", "pk": 66, "fields": {"product": 29, "image": "products/saleor/static/placeholders/candy/1_PVgCX9A.jpg", "ppoi": "0.5x0.5", "alt": "", "order": 0}}, {"model": "product.productimage", "pk": 67, "fields": {"product": 29, "image": "products/saleor/static/placeholders/candy/1_O3vxets.jpg", "ppoi": "0.5x0.5", "alt": "", "order": 1}}, {"model": "product.productimage", "pk": 68, "fields": {"product": 29, "image": "products/saleor/static/placeholders/candy/1_fYAkgIl.jpg", "ppoi": "0.5x0.5", "alt": "", "order": 2}}, {"model": "product.productimage", "pk": 69, "fields": {"product": 30, "image": "products/saleor/static/placeholders/candy/1_m3JOCbW.jpg", "ppoi": "0.5x0.5", "alt": "", "order": 0}}, {"model": "product.productimage", "pk": 70, "fields": {"product": 30, "image": "products/saleor/static/placeholders/candy/1_mMOjOSC.jpg", "ppoi": "0.5x0.5", "alt": "", "order": 1}}, {"model": "product.productimage", "pk": 71, "fields": {"product": 30, "image": "products/saleor/static/placeholders/candy/2_hcdSEzr.jpg", "ppoi": "0.5x0.5", "alt": "", "order": 2}}, {"model": "product.productimage", "pk": 72, "fields": {"product": 30, "image": "products/saleor/static/placeholders/candy/1_smjRwXr.jpg", "ppoi": "0.5x0.5", "alt": "", "order": 3}}, {"model": "product.productimage", "pk": 73, "fields": {"product": 31, "image": "products/saleor/static/placeholders/t-shirts/5_mF0LtGs.jpg", "ppoi": "0.5x0.5", "alt": "", "order": 0}}, {"model": "product.productimage", "pk": 74, "fields": {"product": 32, "image": "products/saleor/static/placeholders/t-shirts/5_7hqux9O.jpg", "ppoi": "0.5x0.5", "alt": "", "order": 0}}, {"model": "product.productimage", "pk": 75, "fields": {"product": 32, "image": "products/saleor/static/placeholders/t-shirts/6_ScawHck.jpg", "ppoi": "0.5x0.5", "alt": "", "order": 1}}, {"model": "product.productimage", "pk": 76, "fields": {"product": 32, "image": "products/saleor/static/placeholders/t-shirts/6_VA0jDUD.jpg", "ppoi": "0.5x0.5", "alt": "", "order": 2}}, {"model": "product.productimage", "pk": 77, "fields": {"product": 33, "image": "products/saleor/static/placeholders/t-shirts/5_4TwJtH9.jpg", "ppoi": "0.5x0.5", "alt": "", "order": 0}}, {"model": "product.productimage", "pk": 78, "fields": {"product": 34, "image": "products/saleor/static/placeholders/t-shirts/5_BWW0onV.jpg", "ppoi": "0.5x0.5", "alt": "", "order": 0}}, {"model": "product.productimage", "pk": 79, "fields": {"product": 35, "image": "products/saleor/static/placeholders/t-shirts/5_C6TFH1c.jpg", "ppoi": "0.5x0.5", "alt": "", "order": 0}}, {"model": "product.productimage", "pk": 80, "fields": {"product": 35, "image": "products/saleor/static/placeholders/t-shirts/5_hgx3iWn.jpg", "ppoi": "0.5x0.5", "alt": "", "order": 1}}, {"model": "product.productimage", "pk": 81, "fields": {"product": 35, "image": "products/saleor/static/placeholders/t-shirts/5_91Iyhgp.jpg", "ppoi": "0.5x0.5", "alt": "", "order": 2}}, {"model": "product.productimage", "pk": 82, "fields": {"product": 35, "image": "products/saleor/static/placeholders/t-shirts/6_KlLeBDl.jpg", "ppoi": "0.5x0.5", "alt": "", "order": 3}}, {"model": "product.productimage", "pk": 83, "fields": {"product": 36, "image": "products/saleor/static/placeholders/t-shirts/6_ev2uCCy.jpg", "ppoi": "0.5x0.5", "alt": "", "order": 0}}, {"model": "product.productimage", "pk": 84, "fields": {"product": 37, "image": "products/saleor/static/placeholders/t-shirts/5_Tr0Q4RD.jpg", "ppoi": "0.5x0.5", "alt": "", "order": 0}}, {"model": "product.productimage", "pk": 85, "fields": {"product": 38, "image": "products/saleor/static/placeholders/t-shirts/6_LUEn2p4.jpg", "ppoi": "0.5x0.5", "alt": "", "order": 0}}, {"model": "product.productimage", "pk": 86, "fields": {"product": 38, "image": "products/saleor/static/placeholders/t-shirts/6_xN8yXnt.jpg", "ppoi": "0.5x0.5", "alt": "", "order": 1}}, {"model": "product.productimage", "pk": 87, "fields": {"product": 38, "image": "products/saleor/static/placeholders/t-shirts/6_piLbFb6.jpg", "ppoi": "0.5x0.5", "alt": "", "order": 2}}, {"model": "product.productimage", "pk": 88, "fields": {"product": 39, "image": "products/saleor/static/placeholders/t-shirts/6_TzIoId8.jpg", "ppoi": "0.5x0.5", "alt": "", "order": 0}}, {"model": "product.productimage", "pk": 89, "fields": {"product": 40, "image": "products/saleor/static/placeholders/t-shirts/6_a9Vdzya.jpg", "ppoi": "0.5x0.5", "alt": "", "order": 0}}, {"model": "product.productimage", "pk": 90, "fields": {"product": 40, "image": "products/saleor/static/placeholders/t-shirts/5_iVUC5pK.jpg", "ppoi": "0.5x0.5", "alt": "", "order": 1}}, {"model": "product.productimage", "pk": 91, "fields": {"product": 41, "image": "products/saleor/static/placeholders/books/book_03_sPvBnig.jpg", "ppoi": "0.5x0.5", "alt": "", "order": 0}}, {"model": "product.productimage", "pk": 92, "fields": {"product": 42, "image": "products/saleor/static/placeholders/books/book_05_W1jej8N.jpg", "ppoi": "0.5x0.5", "alt": "", "order": 0}}, {"model": "product.productimage", "pk": 93, "fields": {"product": 42, "image": "products/saleor/static/placeholders/books/book_02_czy3J6F.jpg", "ppoi": "0.5x0.5", "alt": "", "order": 1}}, {"model": "product.productimage", "pk": 94, "fields": {"product": 43, "image": "products/saleor/static/placeholders/books/book_01_3ptKrPe.jpg", "ppoi": "0.5x0.5", "alt": "", "order": 0}}, {"model": "product.productimage", "pk": 95, "fields": {"product": 43, "image": "products/saleor/static/placeholders/books/book_05_wFYljQ8.jpg", "ppoi": "0.5x0.5", "alt": "", "order": 1}}, {"model": "product.productimage", "pk": 96, "fields": {"product": 44, "image": "products/saleor/static/placeholders/books/book_04_mxgReKw.jpg", "ppoi": "0.5x0.5", "alt": "", "order": 0}}, {"model": "product.productimage", "pk": 97, "fields": {"product": 44, "image": "products/saleor/static/placeholders/books/book_03_A16I3SQ.jpg", "ppoi": "0.5x0.5", "alt": "", "order": 1}}, {"model": "product.productimage", "pk": 98, "fields": {"product": 44, "image": "products/saleor/static/placeholders/books/book_01_mgsepCE.jpg", "ppoi": "0.5x0.5", "alt": "", "order": 2}}, {"model": "product.productimage", "pk": 99, "fields": {"product": 44, "image": "products/saleor/static/placeholders/books/book_02_tFUjGRY.jpg", "ppoi": "0.5x0.5", "alt": "", "order": 3}}, {"model": "product.productimage", "pk": 100, "fields": {"product": 45, "image": "products/saleor/static/placeholders/books/book_02_oPPT9lc.jpg", "ppoi": "0.5x0.5", "alt": "", "order": 0}}, {"model": "product.productimage", "pk": 101, "fields": {"product": 45, "image": "products/saleor/static/placeholders/books/book_04_seOn0A7.jpg", "ppoi": "0.5x0.5", "alt": "", "order": 1}}, {"model": "product.productimage", "pk": 102, "fields": {"product": 46, "image": "products/saleor/static/placeholders/books/book_02_BmC3cyZ.jpg", "ppoi": "0.5x0.5", "alt": "", "order": 0}}, {"model": "product.productimage", "pk": 103, "fields": {"product": 46, "image": "products/saleor/static/placeholders/books/book_05_NjweRUO.jpg", "ppoi": "0.5x0.5", "alt": "", "order": 1}}, {"model": "product.productimage", "pk": 104, "fields": {"product": 47, "image": "products/saleor/static/placeholders/books/book_03_KgvYPTg.jpg", "ppoi": "0.5x0.5", "alt": "", "order": 0}}, {"model": "product.productimage", "pk": 105, "fields": {"product": 47, "image": "products/saleor/static/placeholders/books/book_01_b7rDP8y.jpg", "ppoi": "0.5x0.5", "alt": "", "order": 1}}, {"model": "product.productimage", "pk": 106, "fields": {"product": 47, "image": "products/saleor/static/placeholders/books/book_01_TTHKVUD.jpg", "ppoi": "0.5x0.5", "alt": "", "order": 2}}, {"model": "product.productimage", "pk": 107, "fields": {"product": 48, "image": "products/saleor/static/placeholders/books/book_05_ReneiLW.jpg", "ppoi": "0.5x0.5", "alt": "", "order": 0}}, {"model": "product.productimage", "pk": 108, "fields": {"product": 48, "image": "products/saleor/static/placeholders/books/book_05_V7GtEOI.jpg", "ppoi": "0.5x0.5", "alt": "", "order": 1}}, {"model": "product.productimage", "pk": 109, "fields": {"product": 48, "image": "products/saleor/static/placeholders/books/book_04_cwfIaaw.jpg", "ppoi": "0.5x0.5", "alt": "", "order": 2}}, {"model": "product.productimage", "pk": 110, "fields": {"product": 48, "image": "products/saleor/static/placeholders/books/book_05_lHbn19x.jpg", "ppoi": "0.5x0.5", "alt": "", "order": 3}}, {"model": "product.productimage", "pk": 111, "fields": {"product": 49, "image": "products/saleor/static/placeholders/books/book_03_peiJ5mk.jpg", "ppoi": "0.5x0.5", "alt": "", "order": 0}}, {"model": "product.productimage", "pk": 112, "fields": {"product": 49, "image": "products/saleor/static/placeholders/books/book_01_gDXJ869.jpg", "ppoi": "0.5x0.5", "alt": "", "order": 1}}, {"model": "product.productimage", "pk": 113, "fields": {"product": 49, "image": "products/saleor/static/placeholders/books/book_03_rN4jUwZ.jpg", "ppoi": "0.5x0.5", "alt": "", "order": 2}}, {"model": "product.productimage", "pk": 114, "fields": {"product": 49, "image": "products/saleor/static/placeholders/books/book_01_oNGlJQY.jpg", "ppoi": "0.5x0.5", "alt": "", "order": 3}}, {"model": "product.productimage", "pk": 115, "fields": {"product": 50, "image": "products/saleor/static/placeholders/books/book_02_iUssTtd.jpg", "ppoi": "0.5x0.5", "alt": "", "order": 0}}, {"model": "product.productimage", "pk": 116, "fields": {"product": 50, "image": "products/saleor/static/placeholders/books/book_03_gVVA61a.jpg", "ppoi": "0.5x0.5", "alt": "", "order": 1}}, {"model": "product.productimage", "pk": 117, "fields": {"product": 50, "image": "products/saleor/static/placeholders/books/book_04_SJGL2Sn.jpg", "ppoi": "0.5x0.5", "alt": "", "order": 2}}, {"model": "product.productimage", "pk": 118, "fields": {"product": 51, "image": "products/saleor/static/placeholders/books/book_05_ViivIKW.jpg", "ppoi": "0.5x0.5", "alt": "", "order": 0}}, {"model": "product.productimage", "pk": 119, "fields": {"product": 51, "image": "products/saleor/static/placeholders/books/book_01_1SWlAMi.jpg", "ppoi": "0.5x0.5", "alt": "", "order": 1}}, {"model": "product.productimage", "pk": 120, "fields": {"product": 52, "image": "products/saleor/static/placeholders/books/book_01_QmdNPxo.jpg", "ppoi": "0.5x0.5", "alt": "", "order": 0}}, {"model": "product.productimage", "pk": 121, "fields": {"product": 52, "image": "products/saleor/static/placeholders/books/book_04_0gtERAU.jpg", "ppoi": "0.5x0.5", "alt": "", "order": 1}}, {"model": "product.productimage", "pk": 122, "fields": {"product": 52, "image": "products/saleor/static/placeholders/books/book_02_vpjWBe6.jpg", "ppoi": "0.5x0.5", "alt": "", "order": 2}}, {"model": "product.productimage", "pk": 123, "fields": {"product": 52, "image": "products/saleor/static/placeholders/books/book_03_2CRj1AI.jpg", "ppoi": "0.5x0.5", "alt": "", "order": 3}}, {"model": "product.productimage", "pk": 124, "fields": {"product": 53, "image": "products/saleor/static/placeholders/books/book_04_9bAfUEN.jpg", "ppoi": "0.5x0.5", "alt": "", "order": 0}}, {"model": "product.productimage", "pk": 125, "fields": {"product": 53, "image": "products/saleor/static/placeholders/books/book_05_tF3rtCp.jpg", "ppoi": "0.5x0.5", "alt": "", "order": 1}}, {"model": "product.productimage", "pk": 126, "fields": {"product": 53, "image": "products/saleor/static/placeholders/books/book_03_1rI8gX4.jpg", "ppoi": "0.5x0.5", "alt": "", "order": 2}}, {"model": "product.productimage", "pk": 127, "fields": {"product": 53, "image": "products/saleor/static/placeholders/books/book_01_b7ldW4x.jpg", "ppoi": "0.5x0.5", "alt": "", "order": 3}}, {"model": "product.productimage", "pk": 128, "fields": {"product": 54, "image": "products/saleor/static/placeholders/books/book_05_Rtnd2QI.jpg", "ppoi": "0.5x0.5", "alt": "", "order": 0}}, {"model": "product.productimage", "pk": 129, "fields": {"product": 55, "image": "products/saleor/static/placeholders/books/book_02_UrHwTGP.jpg", "ppoi": "0.5x0.5", "alt": "", "order": 0}}, {"model": "product.productimage", "pk": 130, "fields": {"product": 55, "image": "products/saleor/static/placeholders/books/book_05_Nwy6yYY.jpg", "ppoi": "0.5x0.5", "alt": "", "order": 1}}, {"model": "product.productimage", "pk": 131, "fields": {"product": 55, "image": "products/saleor/static/placeholders/books/book_05_tIBNIME.jpg", "ppoi": "0.5x0.5", "alt": "", "order": 2}}, {"model": "product.productimage", "pk": 132, "fields": {"product": 56, "image": "products/saleor/static/placeholders/books/book_05_8DHdey2.jpg", "ppoi": "0.5x0.5", "alt": "", "order": 0}}, {"model": "product.productimage", "pk": 133, "fields": {"product": 56, "image": "products/saleor/static/placeholders/books/book_01_hE5eAyM.jpg", "ppoi": "0.5x0.5", "alt": "", "order": 1}}, {"model": "product.productimage", "pk": 134, "fields": {"product": 57, "image": "products/saleor/static/placeholders/books/book_03_2XoOop8.jpg", "ppoi": "0.5x0.5", "alt": "", "order": 0}}, {"model": "product.productimage", "pk": 135, "fields": {"product": 57, "image": "products/saleor/static/placeholders/books/book_05_eUZEgSm.jpg", "ppoi": "0.5x0.5", "alt": "", "order": 1}}, {"model": "product.productimage", "pk": 136, "fields": {"product": 57, "image": "products/saleor/static/placeholders/books/book_03_vWTdEUg.jpg", "ppoi": "0.5x0.5", "alt": "", "order": 2}}, {"model": "product.productimage", "pk": 137, "fields": {"product": 58, "image": "products/saleor/static/placeholders/books/book_05_y0tTHeU.jpg", "ppoi": "0.5x0.5", "alt": "", "order": 0}}, {"model": "product.productimage", "pk": 138, "fields": {"product": 58, "image": "products/saleor/static/placeholders/books/book_01_nkkDBjD.jpg", "ppoi": "0.5x0.5", "alt": "", "order": 1}}, {"model": "product.productimage", "pk": 139, "fields": {"product": 58, "image": "products/saleor/static/placeholders/books/book_01_TnmrXjh.jpg", "ppoi": "0.5x0.5", "alt": "", "order": 2}}, {"model": "product.productimage", "pk": 140, "fields": {"product": 59, "image": "products/saleor/static/placeholders/books/book_02_9ILrnoJ.jpg", "ppoi": "0.5x0.5", "alt": "", "order": 0}}, {"model": "product.productimage", "pk": 141, "fields": {"product": 59, "image": "products/saleor/static/placeholders/books/book_04_07gDW9U.jpg", "ppoi": "0.5x0.5", "alt": "", "order": 1}}, {"model": "product.productimage", "pk": 142, "fields": {"product": 59, "image": "products/saleor/static/placeholders/books/book_02_eqdNMRX.jpg", "ppoi": "0.5x0.5", "alt": "", "order": 2}}, {"model": "product.productimage", "pk": 143, "fields": {"product": 59, "image": "products/saleor/static/placeholders/books/book_01_LusJ9y6.jpg", "ppoi": "0.5x0.5", "alt": "", "order": 3}}, {"model": "product.productimage", "pk": 144, "fields": {"product": 60, "image": "products/saleor/static/placeholders/books/book_05_09Y0jyk.jpg", "ppoi": "0.5x0.5", "alt": "", "order": 0}}, {"model": "product.productimage", "pk": 145, "fields": {"product": 60, "image": "products/saleor/static/placeholders/books/book_03_7LjfZix.jpg", "ppoi": "0.5x0.5", "alt": "", "order": 1}}, {"model": "product.productimage", "pk": 146, "fields": {"product": 60, "image": "products/saleor/static/placeholders/books/book_01_w4ELxRA.jpg", "ppoi": "0.5x0.5", "alt": "", "order": 2}}, {"model": "order.order", "pk": 1, "fields": {"status": "payment-pending", "created": "2017-08-15T07:23:03.503Z", "last_status_change": "2017-08-15T07:23:03.503Z", "user": 15, "language_code": "en-us", "tracking_client_id": "", "billing_address": 15, "shipping_address": 15, "user_email": "", "token": "f9ed585d-4a26-4bd8-b4c1-ce0887e4933a", "total_net": "197.50", "total_tax": "0.00", "voucher": null, "discount_amount": null, "discount_name": ""}}, {"model": "order.order", "pk": 2, "fields": {"status": "payment-pending", "created": "2017-08-15T07:23:03.602Z", "last_status_change": "2017-08-15T07:23:03.602Z", "user": 6, "language_code": "en-us", "tracking_client_id": "", "billing_address": 6, "shipping_address": 6, "user_email": "", "token": "5e527460-b507-40ef-890b-511943eff111", "total_net": "318.24", "total_tax": "0.00", "voucher": null, "discount_amount": null, "discount_name": ""}}, {"model": "order.order", "pk": 3, "fields": {"status": "payment-pending", "created": "2017-08-15T07:23:03.707Z", "last_status_change": "2017-08-15T07:23:03.708Z", "user": null, "language_code": "en-us", "tracking_client_id": "", "billing_address": 21, "shipping_address": 21, "user_email": "kevin.white@example.com", "token": "07a478ca-c8c2-4e34-b54e-bd770bcfadd0", "total_net": "547.23", "total_tax": "0.00", "voucher": null, "discount_amount": null, "discount_name": ""}}, {"model": "order.order", "pk": 4, "fields": {"status": "payment-pending", "created": "2017-08-15T07:23:03.841Z", "last_status_change": "2017-08-15T07:23:03.841Z", "user": null, "language_code": "en-us", "tracking_client_id": "", "billing_address": 22, "shipping_address": 22, "user_email": "scott.miller@example.com", "token": "46e83db8-3013-4ffd-888c-7a31312aaea2", "total_net": "394.08", "total_tax": "0.00", "voucher": null, "discount_amount": null, "discount_name": ""}}, {"model": "order.order", "pk": 5, "fields": {"status": "payment-pending", "created": "2017-08-15T07:23:03.963Z", "last_status_change": "2017-08-15T07:23:03.963Z", "user": null, "language_code": "en-us", "tracking_client_id": "", "billing_address": 23, "shipping_address": 23, "user_email": "tina.jones@example.com", "token": "cc8caf04-48dd-4b99-bff9-c16785bfef64", "total_net": "580.98", "total_tax": "0.00", "voucher": null, "discount_amount": null, "discount_name": ""}}, {"model": "order.order", "pk": 6, "fields": {"status": "payment-pending", "created": "2017-08-15T07:23:04.070Z", "last_status_change": "2017-08-15T07:23:04.070Z", "user": 4, "language_code": "en-us", "tracking_client_id": "", "billing_address": 4, "shipping_address": 4, "user_email": "", "token": "65d7ff5e-77d2-4d88-8c4b-061111660f4e", "total_net": "538.96", "total_tax": "0.00", "voucher": null, "discount_amount": null, "discount_name": ""}}, {"model": "order.order", "pk": 7, "fields": {"status": "fully-paid", "created": "2017-08-15T07:23:04.185Z", "last_status_change": "2017-08-15T07:23:04.185Z", "user": null, "language_code": "en-us", "tracking_client_id": "", "billing_address": 24, "shipping_address": 24, "user_email": "alyssa.rodriguez@example.com", "token": "1c728f29-e3e3-4acc-8ecd-ac5b3334c3bc", "total_net": "375.70", "total_tax": "0.00", "voucher": null, "discount_amount": null, "discount_name": ""}}, {"model": "order.order", "pk": 8, "fields": {"status": "shipped", "created": "2017-08-15T07:23:04.326Z", "last_status_change": "2017-08-15T07:23:04.326Z", "user": 19, "language_code": "en-us", "tracking_client_id": "", "billing_address": 19, "shipping_address": 19, "user_email": "", "token": "0f9642b7-a34a-4b98-944e-7f0991c868e5", "total_net": "278.93", "total_tax": "0.00", "voucher": null, "discount_amount": null, "discount_name": ""}}, {"model": "order.order", "pk": 9, "fields": {"status": "shipped", "created": "2017-08-15T07:23:04.507Z", "last_status_change": "2017-08-15T07:23:04.507Z", "user": null, "language_code": "en-us", "tracking_client_id": "", "billing_address": 25, "shipping_address": 25, "user_email": "mark.reyes@example.com", "token": "4aaa8b1f-a342-4ae1-8f7b-bb2264d38551", "total_net": "191.20", "total_tax": "0.00", "voucher": null, "discount_amount": null, "discount_name": ""}}, {"model": "order.order", "pk": 10, "fields": {"status": "shipped", "created": "2017-08-15T07:23:04.728Z", "last_status_change": "2017-08-15T07:23:04.728Z", "user": null, "language_code": "en-us", "tracking_client_id": "", "billing_address": 26, "shipping_address": 26, "user_email": "phyllis.pratt@example.com", "token": "9928b8ab-37bb-44af-950c-ac6a161afa5e", "total_net": "104.76", "total_tax": "0.00", "voucher": null, "discount_amount": null, "discount_name": ""}}, {"model": "order.order", "pk": 11, "fields": {"status": "payment-pending", "created": "2017-08-15T07:23:04.884Z", "last_status_change": "2017-08-15T07:23:04.884Z", "user": null, "language_code": "en-us", "tracking_client_id": "", "billing_address": 27, "shipping_address": 27, "user_email": "chelsea.frazier@example.com", "token": "dda536c5-5254-4e64-abf3-aea53c3b3df0", "total_net": "97.74", "total_tax": "0.00", "voucher": null, "discount_amount": null, "discount_name": ""}}, {"model": "order.order", "pk": 12, "fields": {"status": "shipped", "created": "2017-08-15T07:23:04.969Z", "last_status_change": "2017-08-15T07:23:04.969Z", "user": 18, "language_code": "en-us", "tracking_client_id": "", "billing_address": 18, "shipping_address": 18, "user_email": "", "token": "60ec1d9c-580c-42a9-b798-e6cd6741c9cc", "total_net": "104.76", "total_tax": "0.00", "voucher": null, "discount_amount": null, "discount_name": ""}}, {"model": "order.order", "pk": 13, "fields": {"status": "payment-pending", "created": "2017-08-15T07:23:05.113Z", "last_status_change": "2017-08-15T07:23:05.113Z", "user": 18, "language_code": "en-us", "tracking_client_id": "", "billing_address": 18, "shipping_address": 18, "user_email": "", "token": "f7195722-abc9-4dbb-9693-2c7b6faeb2ce", "total_net": "747.17", "total_tax": "0.00", "voucher": null, "discount_amount": null, "discount_name": ""}}, {"model": "order.order", "pk": 14, "fields": {"status": "payment-pending", "created": "2017-08-15T07:23:05.250Z", "last_status_change": "2017-08-15T07:23:05.250Z", "user": null, "language_code": "en-us", "tracking_client_id": "", "billing_address": 28, "shipping_address": 28, "user_email": "danielle.hicks@example.com", "token": "11bf9824-35b5-496a-8786-13a3e12ff979", "total_net": "679.88", "total_tax": "0.00", "voucher": null, "discount_amount": null, "discount_name": ""}}, {"model": "order.order", "pk": 15, "fields": {"status": "shipped", "created": "2017-08-15T07:23:05.383Z", "last_status_change": "2017-08-15T07:23:05.383Z", "user": null, "language_code": "en-us", "tracking_client_id": "", "billing_address": 29, "shipping_address": 29, "user_email": "timothy.joseph@example.com", "token": "669a584a-9647-47a4-a91d-3f29bb59eb86", "total_net": "579.96", "total_tax": "0.00", "voucher": null, "discount_amount": null, "discount_name": ""}}, {"model": "order.order", "pk": 16, "fields": {"status": "fully-paid", "created": "2017-08-15T07:23:05.546Z", "last_status_change": "2017-08-15T07:23:05.546Z", "user": 15, "language_code": "en-us", "tracking_client_id": "", "billing_address": 15, "shipping_address": 15, "user_email": "", "token": "45a4982b-18d8-4a78-bd3c-382f6bab3834", "total_net": "125.06", "total_tax": "0.00", "voucher": null, "discount_amount": null, "discount_name": ""}}, {"model": "order.order", "pk": 17, "fields": {"status": "payment-pending", "created": "2017-08-15T07:23:05.683Z", "last_status_change": "2017-08-15T07:23:05.683Z", "user": null, "language_code": "en-us", "tracking_client_id": "", "billing_address": 30, "shipping_address": 30, "user_email": "dennis.benson@example.com", "token": "7aa0a35c-0d2c-4f20-9a93-6b0d1a6ff61c", "total_net": "286.84", "total_tax": "0.00", "voucher": null, "discount_amount": null, "discount_name": ""}}, {"model": "order.order", "pk": 18, "fields": {"status": "payment-pending", "created": "2017-08-15T07:23:05.779Z", "last_status_change": "2017-08-15T07:23:05.779Z", "user": 3, "language_code": "en-us", "tracking_client_id": "", "billing_address": 3, "shipping_address": 3, "user_email": "", "token": "adaa7eb7-2756-4d7f-ada9-95e20d340764", "total_net": "126.44", "total_tax": "0.00", "voucher": null, "discount_amount": null, "discount_name": ""}}, {"model": "order.order", "pk": 19, "fields": {"status": "payment-pending", "created": "2017-08-15T07:23:05.894Z", "last_status_change": "2017-08-15T07:23:05.894Z", "user": null, "language_code": "en-us", "tracking_client_id": "", "billing_address": 31, "shipping_address": 31, "user_email": "anne.greene@example.com", "token": "b13a3436-e988-40a7-b3ba-4bfb69b08a3c", "total_net": "152.44", "total_tax": "0.00", "voucher": null, "discount_amount": null, "discount_name": ""}}, {"model": "order.order", "pk": 20, "fields": {"status": "payment-pending", "created": "2017-08-15T07:23:05.990Z", "last_status_change": "2017-08-15T07:23:05.990Z", "user": 20, "language_code": "en-us", "tracking_client_id": "", "billing_address": 20, "shipping_address": 20, "user_email": "", "token": "2cc344bd-2bbb-4bba-abe9-08a5d3775f1e", "total_net": "642.86", "total_tax": "0.00", "voucher": null, "discount_amount": null, "discount_name": ""}}, {"model": "order.deliverygroup", "pk": 1, "fields": {"status": "new", "order": 1, "shipping_price": "38.9400", "shipping_method_name": "UPC Rest of World", "tracking_number": "", "last_updated": "2017-08-15T07:23:03.546Z"}}, {"model": "order.deliverygroup", "pk": 2, "fields": {"status": "new", "order": 2, "shipping_price": "38.9400", "shipping_method_name": "UPC Rest of World", "tracking_number": "", "last_updated": "2017-08-15T07:23:03.634Z"}}, {"model": "order.deliverygroup", "pk": 3, "fields": {"status": "shipped", "order": 3, "shipping_price": "76.8600", "shipping_method_name": "DHL Rest of World", "tracking_number": "", "last_updated": "2017-08-15T07:23:03.747Z"}}, {"model": "order.deliverygroup", "pk": 4, "fields": {"status": "new", "order": 4, "shipping_price": "76.8600", "shipping_method_name": "DHL Rest of World", "tracking_number": "", "last_updated": "2017-08-15T07:23:03.880Z"}}, {"model": "order.deliverygroup", "pk": 5, "fields": {"status": "shipped", "order": 5, "shipping_price": "76.8600", "shipping_method_name": "DHL Rest of World", "tracking_number": "", "last_updated": "2017-08-15T07:23:04.002Z"}}, {"model": "order.deliverygroup", "pk": 6, "fields": {"status": "new", "order": 6, "shipping_price": "76.8600", "shipping_method_name": "DHL Rest of World", "tracking_number": "", "last_updated": "2017-08-15T07:23:04.113Z"}}, {"model": "order.deliverygroup", "pk": 7, "fields": {"status": "shipped", "order": 7, "shipping_price": "38.9400", "shipping_method_name": "UPC Rest of World", "tracking_number": "", "last_updated": "2017-08-15T07:23:04.225Z"}}, {"model": "order.deliverygroup", "pk": 8, "fields": {"status": "new", "order": 8, "shipping_price": "38.9400", "shipping_method_name": "UPC Rest of World", "tracking_number": "", "last_updated": "2017-08-15T07:23:04.368Z"}}, {"model": "order.deliverygroup", "pk": 9, "fields": {"status": "shipped", "order": 9, "shipping_price": "76.8600", "shipping_method_name": "DHL Rest of World", "tracking_number": "", "last_updated": "2017-08-15T07:23:04.546Z"}}, {"model": "order.deliverygroup", "pk": 10, "fields": {"status": "new", "order": 10, "shipping_price": "76.8600", "shipping_method_name": "DHL Rest of World", "tracking_number": "", "last_updated": "2017-08-15T07:23:04.768Z"}}, {"model": "order.deliverygroup", "pk": 11, "fields": {"status": "shipped", "order": 11, "shipping_price": "38.9400", "shipping_method_name": "UPC Rest of World", "tracking_number": "", "last_updated": "2017-08-15T07:23:04.923Z"}}, {"model": "order.deliverygroup", "pk": 12, "fields": {"status": "new", "order": 12, "shipping_price": "76.8600", "shipping_method_name": "DHL Rest of World", "tracking_number": "", "last_updated": "2017-08-15T07:23:05.012Z"}}, {"model": "order.deliverygroup", "pk": 13, "fields": {"status": "new", "order": 13, "shipping_price": "76.8600", "shipping_method_name": "DHL Rest of World", "tracking_number": "", "last_updated": "2017-08-15T07:23:05.156Z"}}, {"model": "order.deliverygroup", "pk": 14, "fields": {"status": "shipped", "order": 14, "shipping_price": "76.8600", "shipping_method_name": "DHL Rest of World", "tracking_number": "", "last_updated": "2017-08-15T07:23:05.290Z"}}, {"model": "order.deliverygroup", "pk": 15, "fields": {"status": "new", "order": 15, "shipping_price": "38.9400", "shipping_method_name": "UPC Rest of World", "tracking_number": "", "last_updated": "2017-08-15T07:23:05.423Z"}}, {"model": "order.deliverygroup", "pk": 16, "fields": {"status": "shipped", "order": 16, "shipping_price": "38.9400", "shipping_method_name": "UPC Rest of World", "tracking_number": "", "last_updated": "2017-08-15T07:23:05.589Z"}}, {"model": "order.deliverygroup", "pk": 17, "fields": {"status": "shipped", "order": 17, "shipping_price": "38.9400", "shipping_method_name": "UPC Rest of World", "tracking_number": "", "last_updated": "2017-08-15T07:23:05.722Z"}}, {"model": "order.deliverygroup", "pk": 18, "fields": {"status": "new", "order": 18, "shipping_price": "38.9400", "shipping_method_name": "UPC Rest of World", "tracking_number": "", "last_updated": "2017-08-15T07:23:05.822Z"}}, {"model": "order.deliverygroup", "pk": 19, "fields": {"status": "new", "order": 19, "shipping_price": "38.9400", "shipping_method_name": "UPC Rest of World", "tracking_number": "", "last_updated": "2017-08-15T07:23:05.933Z"}}, {"model": "order.deliverygroup", "pk": 20, "fields": {"status": "new", "order": 20, "shipping_price": "76.8600", "shipping_method_name": "DHL Rest of World", "tracking_number": "", "last_updated": "2017-08-15T07:23:06.033Z"}}, {"model": "order.ordereditem", "pk": 1, "fields": {"delivery_group": 1, "product": 54, "product_name": "Rodriguez-Walsh", "product_sku": "54-1337", "stock_location": "", "stock": null, "quantity": 1, "unit_price_net": "75.6100", "unit_price_gross": "75.6100"}}, {"model": "order.ordereditem", "pk": 2, "fields": {"delivery_group": 1, "product": 20, "product_name": "Wilson-Nolan", "product_sku": "20-1337", "stock_location": "", "stock": null, "quantity": 1, "unit_price_net": "82.9500", "unit_price_gross": "82.9500"}}, {"model": "order.ordereditem", "pk": 3, "fields": {"delivery_group": 2, "product": 52, "product_name": "Harrison, Reese and Green", "product_sku": "52-1337", "stock_location": "", "stock": null, "quantity": 2, "unit_price_net": "20.7300", "unit_price_gross": "20.7300"}}, {"model": "order.ordereditem", "pk": 4, "fields": {"delivery_group": 2, "product": 19, "product_name": "Stevens Inc", "product_sku": "19-1337", "stock_location": "", "stock": null, "quantity": 2, "unit_price_net": "43.3100", "unit_price_gross": "43.3100"}}, {"model": "order.ordereditem", "pk": 5, "fields": {"delivery_group": 2, "product": 54, "product_name": "Rodriguez-Walsh", "product_sku": "54-1337", "stock_location": "", "stock": null, "quantity": 2, "unit_price_net": "75.6100", "unit_price_gross": "75.6100"}}, {"model": "order.ordereditem", "pk": 6, "fields": {"delivery_group": 3, "product": 9, "product_name": "Vaughn, Rodriguez and Moore", "product_sku": "9-1340", "stock_location": "", "stock": null, "quantity": 3, "unit_price_net": "58.5300", "unit_price_gross": "58.5300"}}, {"model": "order.ordereditem", "pk": 7, "fields": {"delivery_group": 3, "product": 32, "product_name": "Martinez Inc", "product_sku": "32-1342", "stock_location": "", "stock": null, "quantity": 3, "unit_price_net": "58.9200", "unit_price_gross": "58.9200"}}, {"model": "order.ordereditem", "pk": 8, "fields": {"delivery_group": 3, "product": 16, "product_name": "Kirby, Ward and Roman", "product_sku": "16-1337", "stock_location": "", "stock": null, "quantity": 3, "unit_price_net": "25.5200", "unit_price_gross": "25.5200"}}, {"model": "order.ordereditem", "pk": 9, "fields": {"delivery_group": 3, "product": 52, "product_name": "Harrison, Reese and Green", "product_sku": "52-1337", "stock_location": "", "stock": null, "quantity": 2, "unit_price_net": "20.7300", "unit_price_gross": "20.7300"}}, {"model": "order.ordereditem", "pk": 10, "fields": {"delivery_group": 4, "product": 9, "product_name": "Vaughn, Rodriguez and Moore", "product_sku": "9-1340", "stock_location": "", "stock": null, "quantity": 3, "unit_price_net": "58.5300", "unit_price_gross": "58.5300"}}, {"model": "order.ordereditem", "pk": 11, "fields": {"delivery_group": 4, "product": 41, "product_name": "James Group", "product_sku": "41-1338", "stock_location": "", "stock": null, "quantity": 4, "unit_price_net": "24.6300", "unit_price_gross": "24.6300"}}, {"model": "order.ordereditem", "pk": 12, "fields": {"delivery_group": 4, "product": 53, "product_name": "Mccormick, Christian and Moreno", "product_sku": "53-1337", "stock_location": "", "stock": null, "quantity": 1, "unit_price_net": "43.1100", "unit_price_gross": "43.1100"}}, {"model": "order.ordereditem", "pk": 13, "fields": {"delivery_group": 5, "product": 39, "product_name": "Holland-Avery", "product_sku": "39-1342", "stock_location": "", "stock": null, "quantity": 4, "unit_price_net": "74.2200", "unit_price_gross": "74.2200"}}, {"model": "order.ordereditem", "pk": 14, "fields": {"delivery_group": 5, "product": 23, "product_name": "Brown LLC", "product_sku": "23-1339", "stock_location": "", "stock": null, "quantity": 2, "unit_price_net": "27.9000", "unit_price_gross": "27.9000"}}, {"model": "order.ordereditem", "pk": 15, "fields": {"delivery_group": 5, "product": 13, "product_name": "Lowe and Sons", "product_sku": "13-1337", "stock_location": "", "stock": null, "quantity": 3, "unit_price_net": "50.4800", "unit_price_gross": "50.4800"}}, {"model": "order.ordereditem", "pk": 16, "fields": {"delivery_group": 6, "product": 26, "product_name": "Edwards-Wilson", "product_sku": "26-1339", "stock_location": "", "stock": null, "quantity": 4, "unit_price_net": "77.7200", "unit_price_gross": "77.7200"}}, {"model": "order.ordereditem", "pk": 17, "fields": {"delivery_group": 6, "product": 54, "product_name": "Rodriguez-Walsh", "product_sku": "54-1337", "stock_location": "", "stock": null, "quantity": 2, "unit_price_net": "75.6100", "unit_price_gross": "75.6100"}}, {"model": "order.ordereditem", "pk": 18, "fields": {"delivery_group": 7, "product": 9, "product_name": "Vaughn, Rodriguez and Moore", "product_sku": "9-1340", "stock_location": "", "stock": null, "quantity": 4, "unit_price_net": "58.5300", "unit_price_gross": "58.5300"}}, {"model": "order.ordereditem", "pk": 19, "fields": {"delivery_group": 7, "product": 22, "product_name": "Martin, Fowler and Choi", "product_sku": "22-1339", "stock_location": "", "stock": null, "quantity": 2, "unit_price_net": "14.1000", "unit_price_gross": "14.1000"}}, {"model": "order.ordereditem", "pk": 20, "fields": {"delivery_group": 7, "product": 6, "product_name": "Wheeler, Perez and Hood", "product_sku": "6-1340", "stock_location": "", "stock": null, "quantity": 4, "unit_price_net": "18.6100", "unit_price_gross": "18.6100"}}, {"model": "order.ordereditem", "pk": 21, "fields": {"delivery_group": 8, "product": 58, "product_name": "Oconnor, Clark and Vargas", "product_sku": "58-1337", "stock_location": "", "stock": null, "quantity": 4, "unit_price_net": "31.1800", "unit_price_gross": "31.1800"}}, {"model": "order.ordereditem", "pk": 22, "fields": {"delivery_group": 8, "product": 57, "product_name": "Porter-Chandler", "product_sku": "57-1337", "stock_location": "", "stock": null, "quantity": 3, "unit_price_net": "11.8900", "unit_price_gross": "11.8900"}}, {"model": "order.ordereditem", "pk": 23, "fields": {"delivery_group": 8, "product": 12, "product_name": "Cardenas and Sons", "product_sku": "12-1337", "stock_location": "", "stock": null, "quantity": 1, "unit_price_net": "79.6000", "unit_price_gross": "79.6000"}}, {"model": "order.ordereditem", "pk": 24, "fields": {"delivery_group": 9, "product": 22, "product_name": "Martin, Fowler and Choi", "product_sku": "22-1339", "stock_location": "", "stock": null, "quantity": 4, "unit_price_net": "14.1000", "unit_price_gross": "14.1000"}}, {"model": "order.ordereditem", "pk": 25, "fields": {"delivery_group": 9, "product": 11, "product_name": "Edwards Ltd", "product_sku": "11-1337", "stock_location": "", "stock": null, "quantity": 1, "unit_price_net": "57.9400", "unit_price_gross": "57.9400"}}, {"model": "order.ordereditem", "pk": 26, "fields": {"delivery_group": 10, "product": 23, "product_name": "Brown LLC", "product_sku": "23-1339", "stock_location": "", "stock": null, "quantity": 1, "unit_price_net": "27.9000", "unit_price_gross": "27.9000"}}, {"model": "order.ordereditem", "pk": 27, "fields": {"delivery_group": 11, "product": 47, "product_name": "Long Inc", "product_sku": "47-1338", "stock_location": "", "stock": null, "quantity": 2, "unit_price_net": "29.4000", "unit_price_gross": "29.4000"}}, {"model": "order.ordereditem", "pk": 28, "fields": {"delivery_group": 12, "product": 23, "product_name": "Brown LLC", "product_sku": "23-1339", "stock_location": "", "stock": null, "quantity": 1, "unit_price_net": "27.9000", "unit_price_gross": "27.9000"}}, {"model": "order.ordereditem", "pk": 29, "fields": {"delivery_group": 13, "product": 25, "product_name": "Francis-Perry", "product_sku": "25-1339", "stock_location": "", "stock": null, "quantity": 4, "unit_price_net": "50.6600", "unit_price_gross": "50.6600"}}, {"model": "order.ordereditem", "pk": 30, "fields": {"delivery_group": 13, "product": 36, "product_name": "Martin-Blevins", "product_sku": "36-1342", "stock_location": "", "stock": null, "quantity": 3, "unit_price_net": "5.8200", "unit_price_gross": "5.8200"}}, {"model": "order.ordereditem", "pk": 31, "fields": {"delivery_group": 13, "product": 44, "product_name": "Swanson, York and Burke", "product_sku": "44-1338", "stock_location": "", "stock": null, "quantity": 3, "unit_price_net": "47.1900", "unit_price_gross": "47.1900"}}, {"model": "order.ordereditem", "pk": 32, "fields": {"delivery_group": 13, "product": 5, "product_name": "Stanley, Brewer and Sullivan", "product_sku": "5-1340", "stock_location": "", "stock": null, "quantity": 4, "unit_price_net": "77.1600", "unit_price_gross": "77.1600"}}, {"model": "order.ordereditem", "pk": 33, "fields": {"delivery_group": 14, "product": 38, "product_name": "Dillon-Rivera", "product_sku": "38-1342", "stock_location": "", "stock": null, "quantity": 2, "unit_price_net": "38.9400", "unit_price_gross": "38.9400"}}, {"model": "order.ordereditem", "pk": 34, "fields": {"delivery_group": 14, "product": 14, "product_name": "Shelton PLC", "product_sku": "14-1337", "stock_location": "", "stock": null, "quantity": 1, "unit_price_net": "71.8600", "unit_price_gross": "71.8600"}}, {"model": "order.ordereditem", "pk": 35, "fields": {"delivery_group": 14, "product": 51, "product_name": "Williams, Francis and Henderson", "product_sku": "51-1337", "stock_location": "", "stock": null, "quantity": 4, "unit_price_net": "86.1200", "unit_price_gross": "86.1200"}}, {"model": "order.ordereditem", "pk": 36, "fields": {"delivery_group": 14, "product": 48, "product_name": "Osborne Group", "product_sku": "48-1338", "stock_location": "", "stock": null, "quantity": 4, "unit_price_net": "27.2000", "unit_price_gross": "27.2000"}}, {"model": "order.ordereditem", "pk": 37, "fields": {"delivery_group": 15, "product": 3, "product_name": "King-Gonzalez", "product_sku": "3-1340", "stock_location": "", "stock": null, "quantity": 4, "unit_price_net": "78.1200", "unit_price_gross": "78.1200"}}, {"model": "order.ordereditem", "pk": 38, "fields": {"delivery_group": 15, "product": 60, "product_name": "Foster-Knox", "product_sku": "60-1337", "stock_location": "", "stock": null, "quantity": 2, "unit_price_net": "38.2800", "unit_price_gross": "38.2800"}}, {"model": "order.ordereditem", "pk": 39, "fields": {"delivery_group": 15, "product": 25, "product_name": "Francis-Perry", "product_sku": "25-1339", "stock_location": "", "stock": null, "quantity": 3, "unit_price_net": "50.6600", "unit_price_gross": "50.6600"}}, {"model": "order.ordereditem", "pk": 40, "fields": {"delivery_group": 16, "product": 51, "product_name": "Williams, Francis and Henderson", "product_sku": "51-1337", "stock_location": "", "stock": null, "quantity": 1, "unit_price_net": "86.1200", "unit_price_gross": "86.1200"}}, {"model": "order.ordereditem", "pk": 41, "fields": {"delivery_group": 17, "product": 50, "product_name": "Rivas, Williams and Bishop", "product_sku": "50-1338", "stock_location": "", "stock": null, "quantity": 2, "unit_price_net": "93.9700", "unit_price_gross": "93.9700"}}, {"model": "order.ordereditem", "pk": 42, "fields": {"delivery_group": 17, "product": 35, "product_name": "Jenkins-Riggs", "product_sku": "35-1342", "stock_location": "", "stock": null, "quantity": 1, "unit_price_net": "59.9600", "unit_price_gross": "59.9600"}}, {"model": "order.ordereditem", "pk": 43, "fields": {"delivery_group": 18, "product": 57, "product_name": "Porter-Chandler", "product_sku": "57-1337", "stock_location": "", "stock": null, "quantity": 1, "unit_price_net": "11.8900", "unit_price_gross": "11.8900"}}, {"model": "order.ordereditem", "pk": 44, "fields": {"delivery_group": 18, "product": 54, "product_name": "Rodriguez-Walsh", "product_sku": "54-1337", "stock_location": "", "stock": null, "quantity": 1, "unit_price_net": "75.6100", "unit_price_gross": "75.6100"}}, {"model": "order.ordereditem", "pk": 45, "fields": {"delivery_group": 19, "product": 17, "product_name": "West-Smith", "product_sku": "17-1337", "stock_location": "", "stock": null, "quantity": 1, "unit_price_net": "66.3100", "unit_price_gross": "66.3100"}}, {"model": "order.ordereditem", "pk": 46, "fields": {"delivery_group": 19, "product": 44, "product_name": "Swanson, York and Burke", "product_sku": "44-1338", "stock_location": "", "stock": null, "quantity": 1, "unit_price_net": "47.1900", "unit_price_gross": "47.1900"}}, {"model": "order.ordereditem", "pk": 47, "fields": {"delivery_group": 20, "product": 29, "product_name": "Heath Group", "product_sku": "29-1339", "stock_location": "", "stock": null, "quantity": 4, "unit_price_net": "9.8600", "unit_price_gross": "9.8600"}}, {"model": "order.ordereditem", "pk": 48, "fields": {"delivery_group": 20, "product": 8, "product_name": "Clayton-Martinez", "product_sku": "8-1340", "stock_location": "", "stock": null, "quantity": 4, "unit_price_net": "88.5300", "unit_price_gross": "88.5300"}}, {"model": "order.ordereditem", "pk": 49, "fields": {"delivery_group": 20, "product": 53, "product_name": "Mccormick, Christian and Moreno", "product_sku": "53-1337", "stock_location": "", "stock": null, "quantity": 4, "unit_price_net": "43.1100", "unit_price_gross": "43.1100"}}, {"model": "order.payment", "pk": 1, "fields": {"variant": "default", "status": "waiting", "fraud_status": "unknown", "fraud_message": "", "created": "2017-08-15T07:23:03.588Z", "modified": "2017-08-15T07:23:03.588Z", "transaction_id": "69715", "currency": "KES", "total": "197.50", "delivery": "38.94", "tax": "0.00", "description": "", "billing_first_name": "Nicholas", "billing_last_name": "Watts", "billing_address_1": "153 Walker Shore Suite 547", "billing_address_2": "", "billing_city": "Christophertown", "billing_postcode": "24907", "billing_country_code": "MH", "billing_country_area": "", "billing_email": "", "customer_ip_address": "130.17.175.127", "extra_data": "", "message": "", "token": "3e2bacec-d464-45b0-bcbc-0b5047ec9dd2", "captured_amount": "0.00", "order": 1}}, {"model": "order.payment", "pk": 2, "fields": {"variant": "default", "status": "waiting", "fraud_status": "unknown", "fraud_message": "", "created": "2017-08-15T07:23:03.687Z", "modified": "2017-08-15T07:23:03.687Z", "transaction_id": "17850", "currency": "KES", "total": "318.24", "delivery": "38.94", "tax": "0.00", "description": "", "billing_first_name": "Kristin", "billing_last_name": "Wong", "billing_address_1": "22118 Michael Village", "billing_address_2": "", "billing_city": "Lake Jesseburgh", "billing_postcode": "97052-7108", "billing_country_code": "DJ", "billing_country_area": "", "billing_email": "", "customer_ip_address": "42.106.190.101", "extra_data": "", "message": "", "token": "7cf8d2bd-15ff-43ed-a565-9f020f2dfccc", "captured_amount": "0.00", "order": 2}}, {"model": "order.payment", "pk": 3, "fields": {"variant": "default", "status": "preauth", "fraud_status": "unknown", "fraud_message": "", "created": "2017-08-15T07:23:03.810Z", "modified": "2017-08-15T07:23:03.810Z", "transaction_id": "70550", "currency": "KES", "total": "547.23", "delivery": "76.86", "tax": "0.00", "description": "", "billing_first_name": "Kevin", "billing_last_name": "White", "billing_address_1": "58666 Burns Heights Apt. 619", "billing_address_2": "", "billing_city": "Vaughanchester", "billing_postcode": "58552-6772", "billing_country_code": "CO", "billing_country_area": "", "billing_email": "", "customer_ip_address": "145.230.97.75", "extra_data": "", "message": "", "token": "0d375d6f-2ec7-4af2-b866-b4d5c78e5414", "captured_amount": "0.00", "order": 3}}, {"model": "order.payment", "pk": 4, "fields": {"variant": "default", "status": "waiting", "fraud_status": "unknown", "fraud_message": "", "created": "2017-08-15T07:23:03.932Z", "modified": "2017-08-15T07:23:03.932Z", "transaction_id": "84917", "currency": "KES", "total": "394.08", "delivery": "76.86", "tax": "0.00", "description": "", "billing_first_name": "Scott", "billing_last_name": "Miller", "billing_address_1": "087 Alfred Dam", "billing_address_2": "", "billing_city": "Lake Bryanhaven", "billing_postcode": "24110", "billing_country_code": "UG", "billing_country_area": "", "billing_email": "", "customer_ip_address": "97.112.12.50", "extra_data": "", "message": "", "token": "30fca5e3-1243-4826-8739-8d4cd02043b8", "captured_amount": "0.00", "order": 4}}, {"model": "order.payment", "pk": 5, "fields": {"variant": "default", "status": "preauth", "fraud_status": "unknown", "fraud_message": "", "created": "2017-08-15T07:23:04.054Z", "modified": "2017-08-15T07:23:04.054Z", "transaction_id": "56896", "currency": "KES", "total": "580.98", "delivery": "76.86", "tax": "0.00", "description": "", "billing_first_name": "Tina", "billing_last_name": "Jones", "billing_address_1": "589 Erin Crossroad Apt. 712", "billing_address_2": "", "billing_city": "New Shannonmouth", "billing_postcode": "84435-6335", "billing_country_code": "TM", "billing_country_area": "", "billing_email": "", "customer_ip_address": "23.12.163.95", "extra_data": "", "message": "", "token": "a9b15273-b26c-46c2-b1fc-8013c8f0eebf", "captured_amount": "0.00", "order": 5}}, {"model": "order.payment", "pk": 6, "fields": {"variant": "default", "status": "waiting", "fraud_status": "unknown", "fraud_message": "", "created": "2017-08-15T07:23:04.154Z", "modified": "2017-08-15T07:23:04.154Z", "transaction_id": "12829", "currency": "KES", "total": "538.96", "delivery": "76.86", "tax": "0.00", "description": "", "billing_first_name": "Jill", "billing_last_name": "Colon", "billing_address_1": "458 Anna Coves", "billing_address_2": "", "billing_city": "East Kelseyside", "billing_postcode": "80213", "billing_country_code": "BA", "billing_country_area": "", "billing_email": "", "customer_ip_address": "6.78.215.146", "extra_data": "", "message": "", "token": "df78f648-85ad-4e7d-9dd0-d2f3313971c4", "captured_amount": "0.00", "order": 6}}, {"model": "order.payment", "pk": 7, "fields": {"variant": "default", "status": "confirmed", "fraud_status": "unknown", "fraud_message": "", "created": "2017-08-15T07:23:04.276Z", "modified": "2017-08-15T07:23:04.285Z", "transaction_id": "84792", "currency": "KES", "total": "375.70", "delivery": "38.94", "tax": "0.00", "description": "", "billing_first_name": "Alyssa", "billing_last_name": "Rodriguez", "billing_address_1": "450 Mary Manors Apt. 264", "billing_address_2": "", "billing_city": "West Paula", "billing_postcode": "59913", "billing_country_code": "GA", "billing_country_area": "", "billing_email": "", "customer_ip_address": "194.229.213.61", "extra_data": "", "message": "", "token": "991fe3ba-c500-4a09-888d-fc8c08eb0cf0", "captured_amount": "375.70", "order": 7}}, {"model": "order.payment", "pk": 8, "fields": {"variant": "default", "status": "confirmed", "fraud_status": "unknown", "fraud_message": "", "created": "2017-08-15T07:23:04.420Z", "modified": "2017-08-15T07:23:04.429Z", "transaction_id": "70004", "currency": "KES", "total": "278.93", "delivery": "38.94", "tax": "0.00", "description": "", "billing_first_name": "Robert", "billing_last_name": "Wilson", "billing_address_1": "25360 Douglas Ports", "billing_address_2": "", "billing_city": "West Mitchell", "billing_postcode": "51003", "billing_country_code": "QA", "billing_country_area": "", "billing_email": "", "customer_ip_address": "41.201.21.97", "extra_data": "", "message": "", "token": "30b98897-ba26-40b9-b30e-af09027a1a29", "captured_amount": "278.93", "order": 8}}, {"model": "order.payment", "pk": 9, "fields": {"variant": "default", "status": "confirmed", "fraud_status": "unknown", "fraud_message": "", "created": "2017-08-15T07:23:04.642Z", "modified": "2017-08-15T07:23:04.651Z", "transaction_id": "22783", "currency": "KES", "total": "191.20", "delivery": "76.86", "tax": "0.00", "description": "", "billing_first_name": "Mark", "billing_last_name": "Reyes", "billing_address_1": "951 Rogers Road Apt. 992", "billing_address_2": "", "billing_city": "Moralesfurt", "billing_postcode": "18453-6343", "billing_country_code": "NP", "billing_country_area": "", "billing_email": "", "customer_ip_address": "156.103.251.150", "extra_data": "", "message": "", "token": "7341de4f-9a40-4c06-a35b-da23505a3cc1", "captured_amount": "191.20", "order": 9}}, {"model": "order.payment", "pk": 10, "fields": {"variant": "default", "status": "confirmed", "fraud_status": "unknown", "fraud_message": "", "created": "2017-08-15T07:23:04.797Z", "modified": "2017-08-15T07:23:04.806Z", "transaction_id": "52841", "currency": "KES", "total": "104.76", "delivery": "76.86", "tax": "0.00", "description": "", "billing_first_name": "Phyllis", "billing_last_name": "Pratt", "billing_address_1": "763 Adams Mews Suite 548", "billing_address_2": "", "billing_city": "South Donna", "billing_postcode": "87190", "billing_country_code": "MK", "billing_country_area": "", "billing_email": "", "customer_ip_address": "221.30.61.168", "extra_data": "", "message": "", "token": "b519f0bb-0bf7-4d3e-b334-3aba69a6ace0", "captured_amount": "104.76", "order": 10}}, {"model": "order.payment", "pk": 11, "fields": {"variant": "default", "status": "waiting", "fraud_status": "unknown", "fraud_message": "", "created": "2017-08-15T07:23:04.953Z", "modified": "2017-08-15T07:23:04.953Z", "transaction_id": "26403", "currency": "KES", "total": "97.74", "delivery": "38.94", "tax": "0.00", "description": "", "billing_first_name": "Chelsea", "billing_last_name": "Frazier", "billing_address_1": "53570 Anderson Rapids Suite 359", "billing_address_2": "", "billing_city": "Port Chelseashire", "billing_postcode": "99891", "billing_country_code": "DO", "billing_country_area": "", "billing_email": "", "customer_ip_address": "218.108.164.39", "extra_data": "", "message": "", "token": "b98780fa-4d33-4387-85bb-de3c13027442", "captured_amount": "0.00", "order": 11}}, {"model": "order.payment", "pk": 12, "fields": {"variant": "default", "status": "confirmed", "fraud_status": "unknown", "fraud_message": "", "created": "2017-08-15T07:23:05.042Z", "modified": "2017-08-15T07:23:05.050Z", "transaction_id": "28588", "currency": "KES", "total": "104.76", "delivery": "76.86", "tax": "0.00", "description": "", "billing_first_name": "Krista", "billing_last_name": "Monroe", "billing_address_1": "48658 Kyle Trace Suite 120", "billing_address_2": "", "billing_city": "Payneshire", "billing_postcode": "31280", "billing_country_code": "NL", "billing_country_area": "", "billing_email": "", "customer_ip_address": "178.120.94.187", "extra_data": "", "message": "", "token": "f0a11c02-e2b8-4330-9980-a9627f91878c", "captured_amount": "104.76", "order": 12}}, {"model": "order.payment", "pk": 13, "fields": {"variant": "default", "status": "waiting", "fraud_status": "unknown", "fraud_message": "", "created": "2017-08-15T07:23:05.219Z", "modified": "2017-08-15T07:23:05.219Z", "transaction_id": "83089", "currency": "KES", "total": "747.17", "delivery": "76.86", "tax": "0.00", "description": "", "billing_first_name": "Krista", "billing_last_name": "Monroe", "billing_address_1": "48658 Kyle Trace Suite 120", "billing_address_2": "", "billing_city": "Payneshire", "billing_postcode": "31280", "billing_country_code": "NL", "billing_country_area": "", "billing_email": "", "customer_ip_address": "211.210.116.61", "extra_data": "", "message": "", "token": "5b9ce954-aa92-48f5-a22e-d867d2e30134", "captured_amount": "0.00", "order": 13}}, {"model": "order.payment", "pk": 14, "fields": {"variant": "default", "status": "waiting", "fraud_status": "unknown", "fraud_message": "", "created": "2017-08-15T07:23:05.352Z", "modified": "2017-08-15T07:23:05.352Z", "transaction_id": "14648", "currency": "KES", "total": "679.88", "delivery": "76.86", "tax": "0.00", "description": "", "billing_first_name": "Danielle", "billing_last_name": "Hicks", "billing_address_1": "57165 William Stream Apt. 288", "billing_address_2": "", "billing_city": "Wardton", "billing_postcode": "99453-6957", "billing_country_code": "TJ", "billing_country_area": "", "billing_email": "", "customer_ip_address": "84.40.251.107", "extra_data": "", "message": "", "token": "4dede3f2-0d37-4afd-88df-b55480dd6035", "captured_amount": "0.00", "order": 14}}, {"model": "order.payment", "pk": 15, "fields": {"variant": "default", "status": "confirmed", "fraud_status": "unknown", "fraud_message": "", "created": "2017-08-15T07:23:05.475Z", "modified": "2017-08-15T07:23:05.483Z", "transaction_id": "67727", "currency": "KES", "total": "579.96", "delivery": "38.94", "tax": "0.00", "description": "", "billing_first_name": "Timothy", "billing_last_name": "Joseph", "billing_address_1": "15018 Brown Branch", "billing_address_2": "", "billing_city": "East Barbara", "billing_postcode": "93405-4498", "billing_country_code": "SL", "billing_country_area": "", "billing_email": "", "customer_ip_address": "183.54.114.113", "extra_data": "", "message": "", "token": "8a12f60b-1e5d-4585-ac38-e52b2db5d7db", "captured_amount": "579.96", "order": 15}}, {"model": "order.payment", "pk": 16, "fields": {"variant": "default", "status": "confirmed", "fraud_status": "unknown", "fraud_message": "", "created": "2017-08-15T07:23:05.619Z", "modified": "2017-08-15T07:23:05.627Z", "transaction_id": "5182", "currency": "KES", "total": "125.06", "delivery": "38.94", "tax": "0.00", "description": "", "billing_first_name": "Nicholas", "billing_last_name": "Watts", "billing_address_1": "153 Walker Shore Suite 547", "billing_address_2": "", "billing_city": "Christophertown", "billing_postcode": "24907", "billing_country_code": "MH", "billing_country_area": "", "billing_email": "", "customer_ip_address": "29.114.88.248", "extra_data": "", "message": "", "token": "c270c274-1c17-4474-a9f5-4b418c0e15ba", "captured_amount": "125.06", "order": 16}}, {"model": "order.payment", "pk": 17, "fields": {"variant": "default", "status": "waiting", "fraud_status": "unknown", "fraud_message": "", "created": "2017-08-15T07:23:05.763Z", "modified": "2017-08-15T07:23:05.763Z", "transaction_id": "92047", "currency": "KES", "total": "286.84", "delivery": "38.94", "tax": "0.00", "description": "", "billing_first_name": "Dennis", "billing_last_name": "Benson", "billing_address_1": "15599 Gibson Light Apt. 257", "billing_address_2": "", "billing_city": "North Danielleville", "billing_postcode": "79282-4137", "billing_country_code": "MZ", "billing_country_area": "", "billing_email": "", "customer_ip_address": "55.249.248.89", "extra_data": "", "message": "", "token": "27bf04fd-70af-4e0b-bbb4-50e820aa7a8d", "captured_amount": "0.00", "order": 17}}, {"model": "order.payment", "pk": 18, "fields": {"variant": "default", "status": "waiting", "fraud_status": "unknown", "fraud_message": "", "created": "2017-08-15T07:23:05.863Z", "modified": "2017-08-15T07:23:05.863Z", "transaction_id": "86281", "currency": "KES", "total": "126.44", "delivery": "38.94", "tax": "0.00", "description": "", "billing_first_name": "Roberta", "billing_last_name": "Johnson", "billing_address_1": "1557 Harris Mall", "billing_address_2": "", "billing_city": "West Derekberg", "billing_postcode": "34886-1806", "billing_country_code": "KZ", "billing_country_area": "", "billing_email": "", "customer_ip_address": "122.64.249.30", "extra_data": "", "message": "", "token": "e57f5059-0e32-4d9f-8d5a-baeb888d8099", "captured_amount": "0.00", "order": 18}}, {"model": "order.payment", "pk": 19, "fields": {"variant": "default", "status": "waiting", "fraud_status": "unknown", "fraud_message": "", "created": "2017-08-15T07:23:05.974Z", "modified": "2017-08-15T07:23:05.974Z", "transaction_id": "74442", "currency": "KES", "total": "152.44", "delivery": "38.94", "tax": "0.00", "description": "", "billing_first_name": "Anne", "billing_last_name": "Greene", "billing_address_1": "70345 Megan Fields Apt. 503", "billing_address_2": "", "billing_city": "Lake Beverly", "billing_postcode": "53043", "billing_country_code": "BE", "billing_country_area": "", "billing_email": "", "customer_ip_address": "164.34.124.211", "extra_data": "", "message": "", "token": "4616871f-d814-47ae-acbb-78ee2773ed43", "captured_amount": "0.00", "order": 19}}, {"model": "order.payment", "pk": 20, "fields": {"variant": "default", "status": "preauth", "fraud_status": "unknown", "fraud_message": "", "created": "2017-08-15T07:23:06.085Z", "modified": "2017-08-15T07:23:06.085Z", "transaction_id": "55130", "currency": "KES", "total": "642.86", "delivery": "76.86", "tax": "0.00", "description": "", "billing_first_name": "Melody", "billing_last_name": "Oliver", "billing_address_1": "033 Atkins Trail", "billing_address_2": "", "billing_city": "Millerton", "billing_postcode": "46974", "billing_country_code": "BB", "billing_country_area": "", "billing_email": "", "customer_ip_address": "40.201.176.248", "extra_data": "", "message": "", "token": "8eba6bda-f9e1-49f0-b32c-7702aa62378d", "captured_amount": "0.00", "order": 20}}, {"model": "order.orderhistoryentry", "pk": 1, "fields": {"date": "2017-08-15T07:23:03.531Z", "order": 1, "status": "payment-pending", "comment": "", "user": null}}, {"model": "order.orderhistoryentry", "pk": 2, "fields": {"date": "2017-08-15T07:23:03.619Z", "order": 2, "status": "payment-pending", "comment": "", "user": null}}, {"model": "order.orderhistoryentry", "pk": 3, "fields": {"date": "2017-08-15T07:23:03.731Z", "order": 3, "status": "payment-pending", "comment": "", "user": null}}, {"model": "order.orderhistoryentry", "pk": 4, "fields": {"date": "2017-08-15T07:23:03.864Z", "order": 4, "status": "payment-pending", "comment": "", "user": null}}, {"model": "order.orderhistoryentry", "pk": 5, "fields": {"date": "2017-08-15T07:23:03.986Z", "order": 5, "status": "payment-pending", "comment": "", "user": null}}, {"model": "order.orderhistoryentry", "pk": 6, "fields": {"date": "2017-08-15T07:23:04.097Z", "order": 6, "status": "payment-pending", "comment": "", "user": null}}, {"model": "order.orderhistoryentry", "pk": 7, "fields": {"date": "2017-08-15T07:23:04.208Z", "order": 7, "status": "payment-pending", "comment": "", "user": null}}, {"model": "order.orderhistoryentry", "pk": 8, "fields": {"date": "2017-08-15T07:23:04.307Z", "order": 7, "status": "fully-paid", "comment": "", "user": null}}, {"model": "order.orderhistoryentry", "pk": 9, "fields": {"date": "2017-08-15T07:23:04.352Z", "order": 8, "status": "payment-pending", "comment": "", "user": null}}, {"model": "order.orderhistoryentry", "pk": 10, "fields": {"date": "2017-08-15T07:23:04.452Z", "order": 8, "status": "fully-paid", "comment": "", "user": null}}, {"model": "order.orderhistoryentry", "pk": 11, "fields": {"date": "2017-08-15T07:23:04.474Z", "order": 8, "status": "shipped", "comment": "", "user": null}}, {"model": "order.orderhistoryentry", "pk": 12, "fields": {"date": "2017-08-15T07:23:04.529Z", "order": 9, "status": "payment-pending", "comment": "", "user": null}}, {"model": "order.orderhistoryentry", "pk": 13, "fields": {"date": "2017-08-15T07:23:04.674Z", "order": 9, "status": "fully-paid", "comment": "", "user": null}}, {"model": "order.orderhistoryentry", "pk": 14, "fields": {"date": "2017-08-15T07:23:04.696Z", "order": 9, "status": "shipped", "comment": "", "user": null}}, {"model": "order.orderhistoryentry", "pk": 15, "fields": {"date": "2017-08-15T07:23:04.751Z", "order": 10, "status": "payment-pending", "comment": "", "user": null}}, {"model": "order.orderhistoryentry", "pk": 16, "fields": {"date": "2017-08-15T07:23:04.829Z", "order": 10, "status": "fully-paid", "comment": "", "user": null}}, {"model": "order.orderhistoryentry", "pk": 17, "fields": {"date": "2017-08-15T07:23:04.851Z", "order": 10, "status": "shipped", "comment": "", "user": null}}, {"model": "order.orderhistoryentry", "pk": 18, "fields": {"date": "2017-08-15T07:23:04.907Z", "order": 11, "status": "payment-pending", "comment": "", "user": null}}, {"model": "order.orderhistoryentry", "pk": 19, "fields": {"date": "2017-08-15T07:23:04.995Z", "order": 12, "status": "payment-pending", "comment": "", "user": null}}, {"model": "order.orderhistoryentry", "pk": 20, "fields": {"date": "2017-08-15T07:23:05.073Z", "order": 12, "status": "fully-paid", "comment": "", "user": null}}, {"model": "order.orderhistoryentry", "pk": 21, "fields": {"date": "2017-08-15T07:23:05.095Z", "order": 12, "status": "shipped", "comment": "", "user": null}}, {"model": "order.orderhistoryentry", "pk": 22, "fields": {"date": "2017-08-15T07:23:05.140Z", "order": 13, "status": "payment-pending", "comment": "", "user": null}}, {"model": "order.orderhistoryentry", "pk": 23, "fields": {"date": "2017-08-15T07:23:05.273Z", "order": 14, "status": "payment-pending", "comment": "", "user": null}}, {"model": "order.orderhistoryentry", "pk": 24, "fields": {"date": "2017-08-15T07:23:05.406Z", "order": 15, "status": "payment-pending", "comment": "", "user": null}}, {"model": "order.orderhistoryentry", "pk": 25, "fields": {"date": "2017-08-15T07:23:05.506Z", "order": 15, "status": "fully-paid", "comment": "", "user": null}}, {"model": "order.orderhistoryentry", "pk": 26, "fields": {"date": "2017-08-15T07:23:05.528Z", "order": 15, "status": "shipped", "comment": "", "user": null}}, {"model": "order.orderhistoryentry", "pk": 27, "fields": {"date": "2017-08-15T07:23:05.573Z", "order": 16, "status": "payment-pending", "comment": "", "user": null}}, {"model": "order.orderhistoryentry", "pk": 28, "fields": {"date": "2017-08-15T07:23:05.650Z", "order": 16, "status": "fully-paid", "comment": "", "user": null}}, {"model": "order.orderhistoryentry", "pk": 29, "fields": {"date": "2017-08-15T07:23:05.706Z", "order": 17, "status": "payment-pending", "comment": "", "user": null}}, {"model": "order.orderhistoryentry", "pk": 30, "fields": {"date": "2017-08-15T07:23:05.806Z", "order": 18, "status": "payment-pending", "comment": "", "user": null}}, {"model": "order.orderhistoryentry", "pk": 31, "fields": {"date": "2017-08-15T07:23:05.917Z", "order": 19, "status": "payment-pending", "comment": "", "user": null}}, {"model": "order.orderhistoryentry", "pk": 32, "fields": {"date": "2017-08-15T07:23:06.016Z", "order": 20, "status": "payment-pending", "comment": "", "user": null}}, {"model": "shipping.shippingmethod", "pk": 1, "fields": {"name": "UPC", "description": ""}}, {"model": "shipping.shippingmethod", "pk": 2, "fields": {"name": "DHL", "description": ""}}, {"model": "shipping.shippingmethodcountry", "pk": 1, "fields": {"country_code": "", "price": "38.94", "shipping_method": 1}}, {"model": "shipping.shippingmethodcountry", "pk": 2, "fields": {"country_code": "", "price": "76.86", "shipping_method": 2}}]